Index,Summary
0,
volume87article26_1,"| Reactants | Reactant amounts | Products | Product amounts | Solvents | Reaction temperature | Reaction time | Yield |
|-----------|-----------------|----------|-----------------|-----------|----------------------|----------------|-------|
| benzylamine, triethylamine, p-toluenesulfonyl chloride | 11.5 mL (11.3 g, 105.3 mmol), 15.5 mL (11.3 g, 111.2 mmol), 19.1 g (100.2 mmol) | 4-Methyl-N-(phenylmethyl)benzenesulfonamide | 25.6 g (98%) | dichloromethane | 2-4°C, 21°C | 30 min, 13 hours | 98% |"
volume87article26_2,"| Reactants | Reactant amounts | Products | Product amounts | Solvents | Reaction temperature | Reaction time | Yield |
|-----------|-----------------|----------|-----------------|-----------|----------------------|----------------|-------|
| benzaldehyde, carbon tetrabromide, triisopropyl phosphite | 10.0 mL (10.4 g, 98.5 mmol), 49.7 g (149.9 mmol), 54.0 mL (45.6 g, 218.9 mmol) | (2,2-Dibromoethenyl)benzene | 20.8-22.4 g (81-87%) | dichloromethane | 2-4°C | 14 hours | 81-87% |"
volume87article26_3,"| Reactants | Reactant amounts | Products | Product amounts | Solvents | Reaction temperature | Reaction time | Yield |
|-----------|-----------------|----------|-----------------|-----------|----------------------|----------------|-------|
| N-4-toluenesulfonylbenzylamine, cesium carbonate, copper(I) iodide, (2,2-dibromoethenyl)-benzene, N,N'-Dimethylethylenediamine | 6.3 g, 31.0 g, 570 mg, 9.5 g | 4-Methyl-N-(2-phenylethynyl)-N-(phenylmethyl)benzenesulfonamide | 6.3 g | 1,4-dioxane | 70°C | 24 hours | 72% |"
volume88article32_1,"| Reactants | Reactant amounts | Products | Product amounts | Solvents | Reaction temperature | Reaction time | Yield |
|-----------|-----------------|----------|-----------------|-----------|----------------------|----------------|-------|
| N/A | N/A | 2-methyl-2-(1-oxo-5-heptynyl)-1,3-dithiane | N/A | N/A | N/A | N/A | N/A |"
volume88article32_2,"| Reactants | Reactant amounts | Products | Product amounts | Solvents | Reaction temperature | Reaction time | Yield |
|-----------|-----------------|----------|-----------------|-----------|----------------------|----------------|-------|
| 2-methyl-1,3-cyclohexanedione, pyridine, trifluoromethanesulfonic anhydride | 15.0 g (0.115 mol), 19.0 mL (0.230 mol), 23.5 mL (0.138 mol) | 2-Methyl-3-trifluoromethansulfonyloxy-cyclohex-2-en-1-one | 30.0 g (98%) | methylene chloride | -78°C, 0°C, room temperature | 20 min, 20 min, 30 min | 98% |"
volume88article32_3,"| Reactants | Reactant amounts | Products | Product amounts | Solvents | Reaction temperature | Reaction time | Yield |
|-----------|-----------------|----------|-----------------|-----------|----------------------|----------------|-------|
| 2-methyl-1,3-dithiane, tetrahydrofuran, n-butyllithium, 2-methyl-3-trifluoromethanesulfonyloxy-cyclohex-2-en-1-one | 4.64 mL (38.7 mmol), 150 mL, 14.5 mL (35.2 mmol), 10.0 g (38.7 mmol) | 2-Methyl-2-(1-oxo-5-heptynyl)-1,3-dithiane | 6.64 g | tetrahydrofuran | -78°C, 0°C, -30°C, room temperature | 20 min, 10 min, 15 min, 30 min | 71% |"
volume88article33_1,"| Reactants | Reactant amounts | Products | Product amounts | Solvents | Reaction temperature | Reaction time | Yield |
|-----------|-----------------|----------|-----------------|-----------|----------------------|----------------|-------|
| N/A | N/A | N/A | N/A | N/A | N/A | N/A | N/A |"
volume88article33_2,"| Reactants | Reactant amounts | Products | Product amounts | Solvents | Reaction temperature | Reaction time | Yield |
|-----------|-----------------|----------|-----------------|-----------|----------------------|----------------|-------|
| water, potassium hydroxide, (S)-phenylalaninol, carbon disulfide | 250 mL, 42 g, 18.9 g, 37.6 mL | (S)-1-(4-Benzyl-2-thioxothiazolidin-3-yl)propan-1-one | 25.2-25.8 g | CH2Cl2, pyridine, propionyl chloride, methanol, isopropyl alcohol | reflux, room temperature | 7-8 hours, 1 hour | 76-78% |"
volume88article33_3,"| Reactants | Reactant amounts | Products | Product amounts | Solvents | Reaction temperature | Reaction time | Yield |
|-----------|-----------------|----------|-----------------|-----------|----------------------|----------------|-------|
| thiazolidinethione, titanium tetrachloride, (-)-sparteine, N-methyl-2-pyrrolidone, isobutyraldehyde | 5.00 g (18.8 mmol), 2.16 mL (19.8 mmol), 5.18 mL (22.6 mmol), 2.16 mL (22.6 mmol), 2.47 mL (27.1 mmol) | (2S,3R)-3-Hydroxy-1-[(4S)-4-benzyl-2-thioxo-thiazolidin-3-yl]-2,4-dimethyl-pentan-1-one | 5.21 g | CH2Cl2 | 0°C, -78°C | 30 min, 30 min | 82% |"
volume88article33_4,"| Reactants | Reactant amounts | Products | Product amounts | Solvents | Reaction temperature | Reaction time | Yield |
|-----------|-----------------|----------|-----------------|-----------|----------------------|----------------|-------|
| thiazolidinethione 3, titanium tetrachloride, (-)-sparteine, isobutyraldehyde | 8.00 g (30.1 mmol), 4.97 mL (45.3 mmol), 7.63 mL (33.2 mmol), 3.03 mL (33.4 mmol) | (2R, 3S)-3-Hydroxy-1-[(4S)-4-benzyl-2-thioxo-thiazolidin-3-yl]-2,4-dimethyl-pentan-1-one | 8.1 g | CH2Cl2 | 0°C, -78°C | 30 min, 30 min | 80% |"
volume88article34_1,"| Reactants | Reactant amounts | Products | Product amounts | Solvents | Reaction temperature | Reaction time | Yield |
|-----------|-----------------|----------|-----------------|-----------|----------------------|----------------|-------|
| 2-iodoaniline, palladium(II) acetate, triphenylphosphine, sodium carbonate, tetra-n-butylammonium chloride, N,N-dimethylformamide, 1-trimethylsilyl-1-propyne | 10.95 g (50.0 mmol), 281 mg, 656 mg, 13.25 g, 13.91 g, 500 mL, 16.98 g (22.4 mL, 151.3 mmol) | 3-Methyl-2-(trimethylsilyl)indole | 9.28 g | DMF | 100°C | 20 hours | 91% |"
volume88article35_1,"| Reactants | Reactant amounts | Products | Product amounts | Solvents | Reaction temperature | Reaction time | Yield |
|-----------|-----------------|----------|-----------------|-----------|----------------------|----------------|-------|
| 6-bromoveratraldehyde, methyl 2-benzyloxycarbonylamino-2-(dimethoxyphosphinyl)acetate, 1,1,3,3-tetramethylguanidine | 7.35 g (30.0 mmol), 10.43 g (31.5 mmol), 4.14 mL (33.0 mmol) | (Z)-2-Benzyloxycarbonylamino-3-(2-bromo-4,5-dimethoxyphenyl) acrylic acid methyl ester | 11.2 g | dichloromethane | 0°C, room temperature | 5 hours | 83% |"
volume88article35_2,"| Reactants | Reactant amounts | Products | Product amounts | Solvents | Reaction temperature | Reaction time | Yield |
|-----------|-----------------|----------|-----------------|-----------|----------------------|----------------|-------|
| cesium acetate, 2-benzyloxycarbonylamino-3-(2-bromo-4,5-dimethoxyphenyl)acrylic acid methyl ester, copper(I) iodide | 9.60 g (50.0 mmol), 9.01 g (20.0 mmol), 761 mg (4.00 mmol) | 5,6-Dimethoxyindole-1,2-dicarboxylic acid 1-benzyl ester 2-methyl ester | 5.58 g | dimethyl sulfoxide | 30°C | 24 hours | 76% |"
volume88article36_1,"| Reactants | Reactant amounts | Products | Product amounts | Solvents | Reaction temperature | Reaction time | Yield |
|-----------|-----------------|----------|-----------------|-----------|----------------------|----------------|-------|
| 2-bromoaniline, THF, benzoyl chloride | 16.2 g (94.0 mmol), 100 mL, 12.0 mL (103 mmol) | N-2-Bromophenylbenzamide | 20.4 g | EtOAc, 80% aqueous ethanol | 0°C, 21°C, 72°C | 20 hours, 17 hours | 79% |"
volume88article36_2,"| Reactants | Reactant amounts | Products | Product amounts | Solvents | Reaction temperature | Reaction time | Yield |
|-----------|-----------------|----------|-----------------|-----------|----------------------|----------------|-------|
| N-2-bromophenylbenzamide, cesium carbonate, copper oxide nanoparticles | 10.5 g (38.0 mmol), 18.6 g (57.0 mmol), 302 mg | 2-Phenylbenzoxazole | 5.90 g | DMSO | 110°C | 40 hours | 80% |"
volume88article37_1,"| Reactants | Reactant amounts | Products | Product amounts | Solvents | Reaction temperature | Reaction time | Yield |
|-----------|-----------------|----------|-----------------|-----------|----------------------|----------------|-------|
| (R)-(+)-2,2'-bis(methoxymethoxy)-1,1'-binaphthyl, butyllithium solution, iodine | 3.0 g (8.0 mmol), 10 mL (2.5 M, 25 mmol), 9.0 g (35 mmol) | (R)-2,2'-Bis(methoxymethoxy)-3,3'-diiodo-1,1'-binaphthalene | 2.0 g | tetrahydrofuran | Room temperature | 20 hours | 40% |"
volume88article37_2,"| Reactants | Reactant amounts | Products | Product amounts | Solvents | Reaction temperature | Reaction time | Yield |
|-----------|-----------------|----------|-----------------|-----------|----------------------|----------------|-------|
| (R)-2,2'-bis(methoxymethoxy)-3,3'-diiodo-1,1'-binaphthalene, 9-phenanthreneboronic acid, barium hydroxide octahydrate, tetrakis(triphenylphosphine)palladium(0) | 2.0 g (3.2 mmol), 1.42 g (6.4 mmol), 2.52 g (8.0 mmol), 0.37 g (0.32 mmol) | (R)-2,2'-Bis(methoxymethoxy)-3,3'-bis(9-phenanthryl)-1,1'-binaph-thalene | 2.1 g | 1,4-dioxane, water | 75-80°C | 24 hours | 91% |"
volume88article37_3,"| Reactants | Reactant amounts | Products | Product amounts | Solvents | Reaction temperature | Reaction time | Yield |
|-----------|-----------------|----------|-----------------|-----------|----------------------|----------------|-------|
| (R)-2,2'-bis(methoxy methoxy)-3,3'-bis(9-phenanthryl)-1,1'-binaphthalene, 1,4-dioxane, hydrochloric acid | 2.0 g (2.7 mmol), 27 mL, 3.7 mL | (R)-3,3'-Bis(9-phenanthryl)-1,1'-binaphthalene-2,2'-diol | 1.74 g | 1,4-dioxane | 98-100°C | 12 hours | 99% |"
volume88article37_4,"| Reactants | Reactant amounts | Products | Product amounts | Solvents | Reaction temperature | Reaction time | Yield |
|-----------|-----------------|----------|-----------------|-----------|----------------------|----------------|-------|
| 4 | 1.65 g (2.58 mmol, 1 equiv) | (R)-3,3'-Bis(9-phenanthryl)-1,1'-binaphthalene-2,2'-diyl hydrogen phosphate | 1.65 g (91%) | pyridine, POCl3 | 60°C | 12 hours | 91% |"
volume88article38_1,"| Reactants | Reactant amounts | Products | Product amounts | Solvents | Reaction temperature | Reaction time | Yield |
|-----------|-----------------|----------|-----------------|-----------|----------------------|----------------|-------|
| DBU, methyl 2-(4-methoxyphenyl) acetate, p-acetamidobenzenesulfonyl azide | 14.2 mL (95.0 mmol), 11.4 g (63.3 mmol), 18.2 g (76.0 mmol) | Methyl 2-diazo-2-(4-methoxyphenyl) acetate | 7.9 g (60%) | CH3CN | N/A | 12 hours | 60% |"
volume88article39_1,"| Reactants | Reactant amounts | Products | Product amounts | Solvents | Reaction temperature | Reaction time | Yield |
|-----------|-----------------|----------|-----------------|-----------|----------------------|----------------|-------|
| 3,4,5-trimethoxybenzoyl chloride, diethylamine | 20.0 g (86.7 mmol), 18.8 mL (182 mmol) | N,N-Diethyl-3,4,5-trimethoxybenzamide | 22.1 g | CH2Cl2 | Ambient temperature | 15 min | 95% |"
volume88article39_2,"| Reactants | Reactant amounts | Products | Product amounts | Solvents | Reaction temperature | Reaction time | Yield |
|-----------|-----------------|----------|-----------------|-----------|----------------------|----------------|-------|
| amide 2, Schwartz's reagent | 10.7 g (40.0 mmol), 10.8 g (42 mmol) | 3,4,5-Trimethoxybenzaldehyde | 7.20 g | THF | N/A | 30 min | 92% |"
volume89article1_1,"| Reactants | Reactant amounts | Products | Product amounts | Solvents | Reaction temperature | Reaction time | Yield |
|-----------|-----------------|----------|-----------------|-----------|----------------------|----------------|-------|
| (R,R)-(-)-N,N'-bis(3,5-di-tertbutylsalicylidene)-1,2-cyclohexanediaminocobalt(II), 1,5-Diazabicyclo[4.3.0]non-5-ene, 1,1,1,3,3,3-hexafluoroisopropanol, styrene oxide, benzoyl fluoride | 1.51 g (2.5 mmol), 247 μL (2 mmol), 8.66 mL (82.5 mmol), 11.4 mL (100 mmol), 5.99 mL (55 mmol) | (S)-2-Fluoro-1-phenylethanol | 5.8-5.9 g | diethyl ether | Room temperature | 13-14 hours | 41-42% |"
volume89article2_1,"| Reactants | Reactant amounts | Products | Product amounts | Solvents | Reaction temperature | Reaction time | Yield |
|-----------|-----------------|----------|-----------------|-----------|----------------------|----------------|-------|
| dirhodium(II) tetraacetate, ε-caprolactam, chlorobenzene | 2.00 g (4.5 mmol), 11.84 g (104.6 mmol), 110 mL | Dirhodium(II) tetrakis[ε-caprolactamate] acetonitrile solvate | 1.65 g | chlorobenzene, 2-propanol, acetone, acetonitrile/methanol | 185°C | 10 hours | 50% |"
volume89article2_2,"| Reactants | Reactant amounts | Products | Product amounts | Solvents | Reaction temperature | Reaction time | Yield |
|-----------|-----------------|----------|-----------------|-----------|----------------------|----------------|-------|
| 2, 1H-imidazole, N,N-dimethylformamide, tert-Butyldimethylsilyl chloride | 5.00 g (17.3 mmol), 1.77 g (26.0 mmol), 25.0 mL, 3.39 g (22.5 mmol) | Androst-5-en-17-one, 3-[[(1,1-dimethylethyl)dimethylsilyl]oxy]-, (3β) | 6.83 g | N/A | 20°C | 30 min | 98% |"
volume89article2_3,"| Reactants | Reactant amounts | Products | Product amounts | Solvents | Reaction temperature | Reaction time | Yield |
|-----------|-----------------|----------|-----------------|-----------|----------------------|----------------|-------|
| 3, 1, T-HYDRO | 8.04 g (20.0 mmol), 146 mg (0.20 mmol), 14.3 mL (99.5 mmol) | (3β)-3-[[(1,1-dimethylethyl)dimethylsilyl]-oxy]-Androst-5-ene-7,17-dione | 5.50 g | 1,2-dichloroethane | 40°C | 24 hours | 66% |"
volume89article3_1,"| Reactants | Reactant amounts | Products | Product amounts | Solvents | Reaction temperature | Reaction time | Yield |
|-----------|-----------------|----------|-----------------|-----------|----------------------|----------------|-------|
| N/A | N/A | N/A | N/A | N/A | N/A | N/A | N/A |"
volume89article4_2,"| Reactants | Reactant amounts | Products | Product amounts | Solvents | Reaction temperature | Reaction time | Yield |
|-----------|-----------------|----------|-----------------|-----------|----------------------|----------------|-------|
| 2-(4-Chlorophenyl)-N-methylacetamide, Eaton's reagent, paraformaldehyde, NaOH solution | 10.0 g (54.5 mmol), 50 mL, 1.98 g (65.3 mmol), ~48-49 mL | 7-Chloro-2-methyl-1,4-dihydro-2H-isoquinolin-3-one | 9.00-9.07 g | IPAc, EtOAc, MeOH | 80°C | 2 hours | 85% |"
volume89article5_1,"| Reactants | Reactant amounts | Products | Product amounts | Solvents | Reaction temperature | Reaction time | Yield |
|-----------|-----------------|----------|-----------------|-----------|----------------------|----------------|-------|
| α,α'-dibromo-o-xylene, lithium | 101 g (382 mmol), 6.63 g (956 mmol) | 5,6,11,12-Tetrahydrodibenzo[a,e]cyclooctene | 19.6 g | THF, dichloromethane | 65-70°C | 2 hours | 49% |"
volume89article5_2,"| Reactants | Reactant amounts | Products | Product amounts | Solvents | Reaction temperature | Reaction time | Yield |
|-----------|-----------------|----------|-----------------|-----------|----------------------|----------------|-------|
| 1, NBS | 19.2 g (92.3 mmol), 35.3 g (198.4 mmol) | 5,11-Dibromo-5,6,11,12-tetrahydrodibenzo[a,e]-cyclooctene | 35.4 g | carbon tetrachloride | 85°C | 2 hours | N/A |"
volume89article5_3,"| Reactants | Reactant amounts | Products | Product amounts | Solvents | Reaction temperature | Reaction time | Yield |
|-----------|-----------------|----------|-----------------|-----------|----------------------|----------------|-------|
| 2, potassium tert-butoxide | 34.1 g crude product, 41.6 g (371 mmol, 4 equiv) | Dibenzo[a,e]cyclooctene | 13.0 g | THF | 0°C, room temperature | 2 hours | 69% |"
volume89article6_1,"| Reactants | Reactant amounts | Products | Product amounts | Solvents | Reaction temperature | Reaction time | Yield |
|-----------|-----------------|----------|-----------------|-----------|----------------------|----------------|-------|
| methyl p-cyanobenzoate, toluene, Wilkinson's catalyst, acetaldoxime | 5.0 g (31 mmol), 9.5 mL, 145 mg (0.16 mmol), 9.2 g (9.5 mL, 156 mmol) | p-Carbomethoxylbenzamide | 5.1 g | toluene | reflux (130°C) | 4 hours | 92% |"
volume89article7_1,"| Reactants | Reactant amounts | Products | Product amounts | Solvents | Reaction temperature | Reaction time | Yield |
|-----------|-----------------|----------|-----------------|-----------|----------------------|----------------|-------|
| Carbonyl compounds, zinc, chlorosilane, Cp2VCl2 | N/A | 1,2-diols | N/A | water | N/A | N/A | N/A |"
volume89article8_1,"| Reactants | Reactant amounts | Products | Product amounts | Solvents | Reaction temperature | Reaction time | Yield |
|-----------|-----------------|----------|-----------------|-----------|----------------------|----------------|-------|
| Pyridyl zinc halide precursors, halogen-substituted heterocycles | N/A | 4-, 5-, and 6-Methyl-2,2'-Bipyridine | N/A | N/A | N/A | N/A | High yield |"
volume89article9_1,"| Reactants | Reactant amounts | Products | Product amounts | Solvents | Reaction temperature | Reaction time | Yield |
|-----------|-----------------|----------|-----------------|-----------|----------------------|----------------|-------|
| dimethyl-2,2'-bipyridine, electrophilic halide reagent | N/A | 4,4'-Bis(Chloromethyl)-2,2'-Bipyridine | N/A | N/A | N/A | N/A | N/A |"
volume89article10_1,"| Reactants | Reactant amounts | Products | Product amounts | Solvents | Reaction temperature | Reaction time | Yield |
|-----------|-----------------|----------|-----------------|-----------|----------------------|----------------|-------|
| (SS)-N-tert-butanesulfinamide, indium powder, decanal, Ti(OEt)4, allyl bromide | 2.42 g (20 mmol), 2.90 g (25 mmol), 4.2 mL (22 mmol), 9.0 mL (43 mmol), 2.65 mL (30 mmol) | (4S,SS)-N-(tert-Butanesulfinyl)tridec-1-en-4-amine | 3.21 g, 935 mg | THF | 23-25°C, 60°C | 1 hour, 5 hours | 53%, 15% |"
volume89article10_2,"| Reactants | Reactant amounts | Products | Product amounts | Solvents | Reaction temperature | Reaction time | Yield |
|-----------|-----------------|----------|-----------------|-----------|----------------------|----------------|-------|
| compound (4S,SS)-4 | 3.20 g (21.4 mmol) | (4S)-1-Tridecen-4-amine | 1.94 g | MeOH | 0-5°C | 2 hours | 93% |"
volume89article12_1,"| Reactants | Reactant amounts | Products | Product amounts | Solvents | Reaction temperature | Reaction time | Yield |
|-----------|-----------------|----------|-----------------|-----------|----------------------|----------------|-------|
| Oxone, acetonitrile, potassium 2-iodo-5-methylbenzenesulfonate, 4-bromobenzyl alcohol | 12.8 g (20.9 mmol), 70 mL, 0.11 g (0.32 mmol), 6.00 g (32.1 mmol) | 4-Bromobenzaldehyde | 4.45-4.73 g | acetonitrile | 70°C | 5 hours | 76-80% |"
volume89article12_2,"| Reactants | Reactant amounts | Products | Product amounts | Solvents | Reaction temperature | Reaction time | Yield |
|-----------|-----------------|----------|-----------------|-----------|----------------------|----------------|-------|
| Oxone, acetonitrile, potassium 2-iodo-5-methylbenzenesulfonate, 4-bromobenzyl alcohol | 25.7 g (41.7 mmol), 70 mL, 0.11 g (0.32 mmol), 6.00 g (32.1 mmol) | 4-Bromobenzoic acid | 5.47-5.73 g | acetonitrile | Room temperature, 70°C | 2 h, 2.6 h, 6.5 h | 86-90% |"
volume89article13_1,"| Reactants | Reactant amounts | Products | Product amounts | Solvents | Reaction temperature | Reaction time | Yield |
|-----------|-----------------|----------|-----------------|-----------|----------------------|----------------|-------|
| 3,4-dimethoxybenzaldehyde, 2,2-dimethyl-1,3-dioxane-4,6-dione, ethanol, piperidine, acetic acid, sodium triacetoxyborohydride | 20.0 g (120 mmol), 17.7 g (123 mmol), 250 mL, 1.2 mL (12.3 mmol), 0.7 mL (12.3 mmol), 52.1 g (246 mmol) | 5-(3,4-Dimethoxybenzyl)-2,2-dimethyl-1,3-dioxane-4,6-dione | 29.9 g | ethanol, room temperature | 30 min, 60 min | 85% |"
volume89article13_2,"| Reactants | Reactant amounts | Products | Product amounts | Solvents | Reaction temperature | Reaction time | Yield |
|-----------|-----------------|----------|-----------------|-----------|----------------------|----------------|-------|
| 1, potassium carbonate, N,N-dimethylformamide, iodomethane | 21.9 g (74.5 mmol), 15.4 g (112 mmol), 74 mL, 9.3 mL (149 mmol) | 5-(3,4-Dimethoxybenzyl)-2,2,5-trimethyl-1,3-dioxane-4,6-dione | 20.21 g | deionized water, dichloromethane, methanol | N/A | 3.5 hours | 88% |"
volume89article13_3,"| Reactants | Reactant amounts | Products | Product amounts | Solvents | Reaction temperature | Reaction time | Yield |
|-----------|-----------------|----------|-----------------|-----------|----------------------|----------------|-------|
| 2, nitromethane, TMSOTf | 12.0 g (38.9 mmol), 390 mL, 0.7 mL | 5,6-Dimethoxy-2-methyl-1-indanone | 5.36 g | dichloromethane, ethanol | 100°C, 90°C | 60 min, 20 min | 67% |"
volume89article14_1,"| Reactants | Reactant amounts | Products | Product amounts | Solvents | Reaction temperature | Reaction time | Yield |
|-----------|-----------------|----------|-----------------|-----------|----------------------|----------------|-------|
| 1,6-heptadiynes | N/A | Cyclohexenones | N/A | N/A | N/A | N/A | N/A |
| 2,6-lutidine or methylperoxycyclopentanone | N/A | 2,6-Heptanedione | N/A | N/A | N/A | N/A | N/A |
| α,ω-diynes of C8 to C10 | N/A | Corresponding diketones | N/A | N/A | N/A | N/A | N/A |
| α,ω-dienes | N/A | Corresponding diketones | N/A | N/A | N/A | N/A | N/A |
| Alkynes | N/A | Corresponding diketones | N/A | N/A | N/A | N/A | N/A |"
volume89article15_3,"| Reactants | Reactant amounts | Products | Product amounts | Solvents | Reaction temperature | Reaction time | Yield |
|-----------|-----------------|----------|-----------------|-----------|----------------------|----------------|-------|
| Diamine 4, 4-cyanobenzaldehyde 5, DMF, de-ionized water, Oxone(r), potassium carbonate | 5.00 g (14.5 mmol), 2.10 g (16.0 mmol), 30 mL, 1 mL, 5.80 g (9.44 mmol), 2.76 g (20 mmol) | 2-(4-Cyano-phenyl)-1-[2-(3,4-dimethoxyphenyl)-ethyl]-1H-benzimidazole-5-carboxylic acid ethyl ester | 4.9 g | DMF, water | 0-5°C, room temperature | 2 hours, additional hour | 74-91% |"
volume89article19_1,"| Reactants | Reactant amounts | Products | Product amounts | Solvents | Reaction temperature | Reaction time | Yield |
|-----------|-----------------|----------|-----------------|-----------|----------------------|----------------|-------|
| 5-hexenoic acid, DL-1,2-isopropylideneglycerol, 4-(dimethylamino)pyridine, N,N'-dicyclohexylcarbodiimide | 5.30 mL, 5.60 mL, 55 mg, 9.28 g | (2,2-Dimethyl-1,3-dioxolan-4-yl)methyl 5-Hexenoate | 9.25 g | dichloromethane | 3-4°C | 3.5 hours | 91% |"
volume89article19_2,"| Reactants | Reactant amounts | Products | Product amounts | Solvents | Reaction temperature | Reaction time | Yield |
|-----------|-----------------|----------|-----------------|-----------|----------------------|----------------|-------|
| 1-octyne, n-butyllithium, iodine | 14.75 mL (11.02 g, 100.0 mmol), 40.0 mL (100 mmol), 25.4 g (100 mmol) | 1-Iodo-1-octyne | 19.9 g (84%) | hexanes, diethyl ether | -70°C to 20°C | 1.5 hours | 84% |"
volume89article19_3,"| Reactants | Reactant amounts | Products | Product amounts | Solvents | Reaction temperature | Reaction time | Yield |
|-----------|-----------------|----------|-----------------|-----------|----------------------|----------------|-------|
| borane dimethyl sulfide complex, cyclohexene, iodoalkyne 4 | 7.51 mL, 16.0 mL, 75 mmol | (Z)-1-Iodo-1-octene | 14.28 g (80%) | diethyl ether | Ice bath, room temperature | 1 h, 1.25 h, 2.25 h | 80% |"
volume89article19_4,"| Reactants | Reactant amounts | Products | Product amounts | Solvents | Reaction temperature | Reaction time | Yield |
|-----------|-----------------|----------|-----------------|-----------|----------------------|----------------|-------|
| ester 2, 9-borabicyclo[3.3.1]nonane, vinyl iodide 5, cesium carbonate, triphenylarsine, Pd(dppf)Cl2_CH2Cl2 | 5.0 g (21.9 mmol), 46 mL (23.0 mmol), 6.25 g (26.3 mmol), 7.14 g (21.9 mmol), 0.67 g (2.2 mmol), 0.80 g (1.1 mmol) | (2,2-Dimethyl-1,3-dioxolan-4-yl)methyl (Z)-tetradec-7-enoate | 7.12 g | tetrahydrofuran, DMF | 0°C, N/A | 2.5 hours, 5 hours | 88% |"
volume89article19_5,"| Reactants | Reactant amounts | Products | Product amounts | Solvents | Reaction temperature | Reaction time | Yield |
|-----------|-----------------|----------|-----------------|-----------|----------------------|----------------|-------|
| acetonide 6, methanol, hydrochloric acid | 4.80 g (14.1 mmol), 60 mL, 4.0 mL | 2,3-Dihydroxypropyl (Z)-tetradec-7-enoate | 3.02 g (71%) | ether, saturated sodium bicarbonate | N/A | 6 hours | N/A |"
volume89article21_1,"| Reactants | Reactant amounts | Products | Product amounts | Solvents | Reaction temperature | Reaction time | Yield |
|-----------|-----------------|----------|-----------------|-----------|----------------------|----------------|-------|
| 1,2-dibromobenzene, 3,3-dimethylacrylic acid, aluminum chloride | 8.0 mL (15.7 g, 67 mmol), 5.00 g (50 mmol), 13.4 g (100 mmol) | 3-(3,4-dibromophenyl)-3-methylbutanoic acid | 12.1-12.8 g | dichloromethane | Room temperature | 2.5 hours | 72-76% |"
volume89article21_2,"| Reactants | Reactant amounts | Products | Product amounts | Solvents | Reaction temperature | Reaction time | Yield |
|-----------|-----------------|----------|-----------------|-----------|----------------------|----------------|-------|
| 3-(3,4-dibromophenyl)-3-methylbutanoic acid, trifluoroacetic anhydride, pyridine | 10.0 g (29.7 mmol), 18.5 mL, 14.5 mL | 4-(3,4-dibromophenyl)-1,1,1-trifluoro-4-methylpentan-2-one | 9.04-9.68 g | toluene | 60-65°C | 4 hours | 78-84% |"
volume89article22_1,"| Reactants | Reactant amounts | Products | Product amounts | Solvents | Reaction temperature | Reaction time | Yield |
|-----------|-----------------|----------|-----------------|-----------|----------------------|----------------|-------|
| Phenols, MgCl2, Et3N, paraformaldehyde | N/A | Salicylaldehydes | High to excellent yields | N/A | N/A | N/A | N/A |"
volume89article23_1,"| Reactants | Reactant amounts | Products | Product amounts | Solvents | Reaction temperature | Reaction time | Yield |
|-----------|-----------------|----------|-----------------|-----------|----------------------|----------------|-------|
| o-nitrobenzenesulfonyl hydrazide | 20.0 g (92.1 mmol) | N-Isopropylidene-N'-2-nitrobenzenesulfonyl hydrazine | 22.5 g (87.4 mmol) | acetone, hexanes | room temperature | 10 min | 95% |"
volume89article23_2,"| Reactants | Reactant amounts | Products | Product amounts | Solvents | Reaction temperature | Reaction time | Yield |
|-----------|-----------------|----------|-----------------|-----------|----------------------|----------------|-------|
| anthracene-9-carboxaldehyde, vinyl magnesium bromide | 18.0 g (87.3 mmol), 1.0 M in THF (96.0 mmol, 96.0 mL) | 1-(Anthracen-9-yl)allyl ethyl carbonate | 14.7-15.2 g (48.0-49.7 mmol) | THF | -78°C, 0°C, 23°C | 1 hour, 1 hour, 90 min | 55-57% |"
volume89article23_3,"| Reactants | Reactant amounts | Products | Product amounts | Solvents | Reaction temperature | Reaction time | Yield |
|-----------|-----------------|----------|-----------------|-----------|----------------------|----------------|-------|
| IPNBSH, potassium hydride, carbonate 4, allylpalladiumchloride dimer, triphenylphosphine, N-Acetyl cysteine, glacial acetic acid | 11.8 g (45.8 mmol), 5.83 g (43.7 mmol), 12.7 g (41.6 mmol), 228 mg (0.624 mmol), 655 mg (2.50 mmol), 543 mg (3.33 mmol), 5.2 mL (91.5 mmol) | 9-Allylanthracene | 6.21 g (28.4 mmol) | THF | 0°C, 16°C, 70°C | 15 min, 30 min, 5.5 hours | 68% |"
volume89article24_1,"| Reactants | Reactant amounts | Products | Product amounts | Solvents | Reaction temperature | Reaction time | Yield |
|-----------|-----------------|----------|-----------------|-----------|----------------------|----------------|-------|
| Allyl alcohol, imidazole, dimethylformamide, t-butyldimethylsilyl chloride | 8.6 g (0.15 mol), 21.1 g (0.31 mol), 100 mL, 25.5 g (0.17 mol) | Allyl (t-butyldimethyl)silyl ether 1 | 18.1-18.5 g | hexanes | 22-23°C | 15 hours | 71-73% |"
volume89article24_2,"| Reactants | Reactant amounts | Products | Product amounts | Solvents | Reaction temperature | Reaction time | Yield |
|-----------|-----------------|----------|-----------------|-----------|----------------------|----------------|-------|
| bis[(S,S,S)-DiazaPhos-SPE], Rh(acac)(CO)2, allyl (t-butyldimethyl)silyl ether | 9.2 mg, 10 mg, 5.00 g (6.17 mL, 29 mmol) | (2R)-3-[[(1,1-dimethylethyl)dimethylsilyl]oxy]-2-methylpropanal | 3.24-3.43 g (55-58% yield), 1.62-1.70 g (27-29% yield) | CDCl3, toluene | 60°C | 16 hours | 55-58% (branched isomer), 27-29% (linear isomer) |"
volume89article25_1,"| Reactants | Reactant amounts | Products | Product amounts | Solvents | Reaction temperature | Reaction time | Yield |
|-----------|-----------------|----------|-----------------|-----------|----------------------|----------------|-------|
| Novozym 435, Na2CO3, Ru-complex 7, (±)-1-Phenylethylamine, 2,4-dimethyl-3-pentanol, methyl methoxyacetate | 340 mg, 900 mg, 745 mg, 5.80 mL, 8.00 mL, 3.40 mL | (R)-2-Methoxy-N-(1-phenylethyl)acetamide | 6.03-6.18 g | toluene | 100°C | 72 hours | 69-71% |"
volume89article25_2,"| Reactants | Reactant amounts | Products | Product amounts | Solvents | Reaction temperature | Reaction time | Yield |
|-----------|-----------------|----------|-----------------|-----------|----------------------|----------------|-------|
| 2-(4-methoxyphenyl)acetic acid, Na2CO3, MnCl2 | 8.30 g (50.0 mmol), 5.30 g (50.0 mmol), 10.0 g (50.0 mmol) | 1,3-bis(4-methoxyphenyl)propan-2-one | 2.97-3.17 g (11.0-11.7 mmol) | water | N/A | 3 hours | 44-47% |"
volume89article25_3,"| Reactants | Reactant amounts | Products | Product amounts | Solvents | Reaction temperature | Reaction time | Yield |
|-----------|-----------------|----------|-----------------|-----------|----------------------|----------------|-------|
| 1,3-bis(4-methoxyphenyl)propan-2-one, 4,4-dimethoxybenzil, tetramethylammonium hydroxide pentahydrate | 2.00 g (7.40 mmol), 2.00 g (7.40 mmol), 4.00 g (22.1 mmol) | 2,3,4,5-tetrakis(4-methoxyphenyl)cyclopenta-2,4-dienone | 2.85-3.06 g | ethanol | reflux | 3 hours | 76-82% |"
volume89article25_4,"| Reactants | Reactant amounts | Products | Product amounts | Solvents | Reaction temperature | Reaction time | Yield |
|-----------|-----------------|----------|-----------------|-----------|----------------------|----------------|-------|
| 2,3,4,5-tetrakis(4-methoxyphenyl)cyclopenta-2,4-dienone, Ru3(CO)12 | 1.00 g (1.98 mmol), 428 mg (0.67 mmol) | {{[2,3,4,5(4-OMe-C6H4)4](η5-C4CO)}2H}-Ru2(CO)4(μ-H) | 0.77-0.80 g | methanol | reflux | 24 hours | 59-61% |"
volume89article26_1,"| Reactants | Reactant amounts | Products | Product amounts | Solvents | Reaction temperature | Reaction time | Yield |
|-----------|-----------------|----------|-----------------|-----------|----------------------|----------------|-------|
| p,α,α-tribromoacetophenone, sodium hydroxide | 89 g (0.25 mole), 50 g | p-Bromomandelic acid | 40-48 g | water | <10°C | 4-5 days | 69-83% |
| Acetate (R)-3b, lithium aluminum hydride | 9.0 g (36.27 mmol), 1.81 g (47.79 mmol) | (3R)-1-(Dimethylphenylsilyl)-1-buten-3-ol | 6.27 g (30.42 mmol) | Et2O | 0°C | 15 min | 83% |
| methyl (tert-butoxycarbonyl)-glycinate, 1-amino pyridinium iodide, methanol, potassium carbonate | 6.80 g (36.0 mmol), 6.67 g (30.0 mmol), 225 mL, 9.95 g (72.0 mmol) | ((tert-Butoxycarbonyl)glycyl)(pyridin-1-ium-1-yl)amide | 6.39 g | methanol | 22°C | 64 hours | 85% |
| ethyl acetoacetate, hydroxyhydroquinone triacetate, sulfuric acid | 60 g (0.45 mole), 114 g (0.45 mole), 450 cc | 4-methylesculetin | 80 g | sulfuric acid | 80°C | 30 minutes | 92% |
| iso-amyl alcohol, hydrobromic acid, sulfuric acid | 880 g (10 moles), 2.1 kg (12.5 moles), 100 g | iso-amyl bromide | 1330-1360 g | hydrobromic acid | reflux | 5-6 hours | 88-90% |
| 3-chloro-2-buten-1-ol, sodium, ammonium chloride | 134 g (1.26 moles), 65 g (2.8 g atoms), 148 g (2.8 moles) | 2-butyn-1-ol | 66-75 g | water | liquid ammonia | overnight | 75-85% |
| Primary alcohol, aqueous hydrobromic acid, sulfuric acid | N/A | Corresponding alkyl bromide | N/A | water | Reflux | N/A | N/A |
| Reactants | Reactant amounts | Products | Product amounts | Solvents | Reaction temperature | Reaction time | Yield |
|-----------|-----------------|----------|-----------------|-----------|----------------------|----------------|-------|
| Reactants | Reactant amounts | Products | Product amounts | Solvents | Reaction temperature | Reaction time | Yield |"
volume89article27_1,"| Reactants | Reactant amounts | Products | Product amounts | Solvents | Reaction temperature | Reaction time | Yield |
|-----------|-----------------|----------|-----------------|-----------|----------------------|----------------|-------|
| o-nitrobenzaldehyde, iron powder, HCl | 9.07 g (60 mmol), 10.05 g (180 mmol), 60 mL | o-aminobenzaldehyde | 6.95 g (70%) | ethanol | reflux | 60 min | 70% |"
volume89article27_2,"| Reactants | Reactant amounts | Products | Product amounts | Solvents | Reaction temperature | Reaction time | Yield |
|-----------|-----------------|----------|-----------------|-----------|----------------------|----------------|-------|
| o-aminobenzaldehyde, n-butanol, pyrrolidine | 5.0 g (41.3 mmol), 200 mL, 8.81 g (10.17 mL, 123.8 mmol) | 1,2,3,3a,4,9-Hexahydropyrrolo[2,1-b]quinazoline | 5.20-5.66 g | n-butanol | Reflux | 24 h (addition), 14 h (reflux) | 72-77% |"
volume89article27_3,"| Reactants | Reactant amounts | Products | Product amounts | Solvents | Reaction temperature | Reaction time | Yield |
|-----------|-----------------|----------|-----------------|-----------|----------------------|----------------|-------|
| o-Aminobenzaldehyde, KMnO4 | 4 (5.0 g, 28.7 mmol), 22.67 g (143 mmol) | Deoxyvasicinone | 4.9-5.0 g | acetone | reflux | 3 hours | 96 wt%, quantitative 1H NMR, 87-89% |"
volume89article28_1,"| Reactants | Reactant amounts | Products | Product amounts | Solvents | Reaction temperature | Reaction time | Yield |
|-----------|-----------------|----------|-----------------|-----------|----------------------|----------------|-------|
| zinc dust, acetonitrile, trifluoroacetic acid, 1,2-dibromoethane, 4-bromoanisole, cobalt bromide, piperidine, 4-fluorobenzaldehyde | 35 g (0.54 mol), 200 mL, 1 mL (13 mmol), 1 mL (12 mmol), 33 g (0.18 mol), 4.0 g (18 mmol), 5.36 g (63 mmol), 7.45 g (60 mmol) | 1-((4-fluorophenyl)(4-methoxyphenyl)methyl)piperidine | 13.5-14.1 g | anhydrous acetonitrile | 50-55°C, 25-30°C | 5 min, 30 min, 2 h | 75-78% |"
volume89article29_1,"| Reactants | Reactant amounts | Products | Product amounts | Solvents | Reaction temperature | Reaction time | Yield |
|-----------|-----------------|----------|-----------------|-----------|----------------------|----------------|-------|
| Aniline, potassium carbonate, propargyl bromide | 22.35 g (240.0 mmol), 16.58 g (120.0 mmol), 7.14 g (60.0 mmol) | N-(2-propynyl)aniline | 6.52-6.85 g | N,N-dimethylformamide | Room temperature | 6 hours | 83-87% |"
volume89article29_2,"| Reactants | Reactant amounts | Products | Product amounts | Solvents | Reaction temperature | Reaction time | Yield |
|-----------|-----------------|----------|-----------------|-----------|----------------------|----------------|-------|
| N-(2-propynyl)aniline, triethylamine, iodobenzene, bis(triphenylphosphine)palladium dichloride, copper iodide | 4.76 g (36.28 mmol), 225 mL, 4.47 mL (8.15 g, 40.0 mmol), 510 mg (0.73 mmol), 69 mg (0.36 mmol) | N-(3-phenyl-2-propynyl)aniline | 6.48-6.61 g | diethyl ether | room temperature | 6 hours | 86-88% |"
volume89article29_3,"| Reactants | Reactant amounts | Products | Product amounts | Solvents | Reaction temperature | Reaction time | Yield |
|-----------|-----------------|----------|-----------------|-----------|----------------------|----------------|-------|
| N-(3-phenyl-2-propynyl)aniline, sodium bicarbonate, iodine | 5.23 g (25.23 mmol), 2.24 g (26.67 mmol), 19.2 g (75.65 mmol) | 3-iodo-4-phenylquinoline | 5.46 g | acetonitrile | Room temperature, 60°C | 18 h, 26 h | 65% |"
volume89article36_1,"| Reactants | Reactant amounts | Products | Product amounts | Solvents | Reaction temperature | Reaction time | Yield |
|-----------|-----------------|----------|-----------------|-----------|----------------------|----------------|-------|
| malonic acid, POCl3, aniline | 26.0 g (250 mmol), 100 mL, 22.8 mL (250 mmol) | 2,4-Dichloroquinoline | 13.9-14.6 g | water | 110°C | 6 hours | 28-29% |"
volume89article36_3,"| Reactants | Reactant amounts | Products | Product amounts | Solvents | Reaction temperature | Reaction time | Yield |
|-----------|-----------------|----------|-----------------|-----------|----------------------|----------------|-------|
| H,4ClQuin-BAM, pyrrolidine, trifluorotoluene | 4.30 g (9.83 mmol), 3.23 mL (39.3 mmol), 3.3 mL | H,4PyrrolidineQuin-BAM | 3.08-3.54 g | dichloromethane, acetone, toluene | 170°C, 200°C | 3 min, 30 min | 62-71% |"
volume89article38_1,"| Reactants | Reactant amounts | Products | Product amounts | Solvents | Reaction temperature | Reaction time | Yield |
|-----------|-----------------|----------|-----------------|-----------|----------------------|----------------|-------|
| Ethyl 2-isocyanoacetate, dimethyl sulfoxide, trifluoroacetic anhydride | 7.0 mL (60.8 mmol), 5.4 mL (76 mmol), 0.86 mL (6.2 mmol) | Ethyl 2-Isocyanatoacetate | 7.58-7.66 g | Dichloromethane | -78°C to rt | 5 min, 1 h, 5 min | 96-97% |"
volume89article40_1,"| Reactants | Reactant amounts | Products | Product amounts | Solvents | Reaction temperature | Reaction time | Yield |
|-----------|-----------------|----------|-----------------|-----------|----------------------|----------------|-------|
| lithium chloride, tetrahydrofuran, 3-butyn-2-ol, n-butyllithium, chloro(dimethyl)phenylsilane | 6.36 g (150 mmol), 150 mL, 6.06 mL (5.42 g, 75 mmol), 60 mL (150 mmol), 12.59 mL (12.80 g, 75 mmol) | (±)-4-(dimethyl(phenyl)silyl)-but-3-yn-2-ol | 13.73 g (67.2 mmol) | diethyl ether | -78°C to room temperature | 14 hours | 90% |"
volume89article40_2,"| Reactants | Reactant amounts | Products | Product amounts | Solvents | Reaction temperature | Reaction time | Yield |
|-----------|-----------------|----------|-----------------|-----------|----------------------|----------------|-------|
| racemic 4-(dimethyl(phenyl)silyl)-but-3-yn-2-ol, n-pentane, Lipase AK Amano, vinyl acetate | 15.03 g (73.5 mmol), 100 mL, 4.5 g, 33.9 mL (31.66 g, 367.7 mmol) | (S)-4-(dimethyl(phenyl)silyl)-but-3-yn-2-ol | 7.04 g (34.4 mmol) | n-pentane | room temperature | N/A | 47% |"
volume89article40_3,"| Reactants | Reactant amounts | Products | Product amounts | Solvents | Reaction temperature | Reaction time | Yield |
|-----------|-----------------|----------|-----------------|-----------|----------------------|----------------|-------|
| (S)-4-(dimethyl(phenyl)silyl)-but-3-yn-2-ol, trimethylorthoacetate, xylenes, propionic acid | 6.61 g (32.3 mmol), 16.5 mL (15.55 g, 129.3 mmol), 66 mL, 0.12 mL (0.12 g, 1.62 mmol) | (Ra)-Methyl 3-(dimethyl(phenyl)silyl)hexa-3,4-dienoate | 6.53 g (25.1 mmol) | xylenes | reflux | 24 h, additional 16 h | 78% |"
volume89article42_1,"| Reactants | Reactant amounts | Products | Product amounts | Solvents | Reaction temperature | Reaction time | Yield |
|-----------|-----------------|----------|-----------------|-----------|----------------------|----------------|-------|
| N-benzylaniline, tert-butyl malonate, 2-chloro-1-methylpyridinium iodide, triethylamine | 10.96 g (60.0 mmol), 10.56 g (66.0 mmol), 16.82 g (66.0 mmol), 33.3 mL (24.29 g, 240.0 mmol) | tert-Butyl 3-(benzyl(phenyl)amino)-3-oxopropanoate | 17.39 g | dichloromethane | 4-10°C | 15 min | 89% |"
volume89article42_3,"| Reactants | Reactant amounts | Products | Product amounts | Solvents | Reaction temperature | Reaction time | Yield |
|-----------|-----------------|----------|-----------------|-----------|----------------------|----------------|-------|
| tert-butyl 3-(benzyl(phenyl)amino)-2-methyl-3-oxopropanoate, potassium tert-butoxide, copper(II) acetate monohydrate | 16.55 g (48.8 mmol), 6.02 g (53.7 mmol), 9.78 g (48.8 mmol) | tert-Butyl 1-benzyl-3-methyl-2-oxoindoline-3-carboxylate | 8.32 g | N,N-dimethylformamide | 110°C | 4 hours | 51% |"
volume89article42_4,"| Reactants | Reactant amounts | Products | Product amounts | Solvents | Reaction temperature | Reaction time | Yield |
|-----------|-----------------|----------|-----------------|-----------|----------------------|----------------|-------|
| tert-butyl 1-benzyl-3-methyl-2-oxoindoline-3-carboxylate, trifluoroacetic acid | 7.42 g (22.0 mmol), 11 mL | 1-Benzyl-3-methylindolin-2-one | 4.14 g | dichloromethane, ethanol | 75°C, room temperature | 1 hour | 80% |"
volume89article43_1,"| Reactants | Reactant amounts | Products | Product amounts | Solvents | Reaction temperature | Reaction time | Yield |
|-----------|-----------------|----------|-----------------|-----------|----------------------|----------------|-------|
| (E)-2-Penten-1-ol, p-Toluenesulfonyl isocyanate | 8.55 mL (7.24 g, 84.0 mmol), 15.3 mL (100.0 mmol) | (E)-Pent-2-en-1-yl tosylcarbamate | 22.85-23.24 g (96-97%) | dichloromethane | 0°C, room temperature | 30 min | 96-97% |"
volume89article43_2,"| Reactants | Reactant amounts | Products | Product amounts | Solvents | Reaction temperature | Reaction time | Yield |
|-----------|-----------------|----------|-----------------|-----------|----------------------|----------------|-------|
| (E)-pent-2-en-1-yl tosylcarbamate, diisopropylethylamine, water, gold (I) chloride, silver (I) triflate | 3.66 g (12.9 mmol), 2.25 mL (1.60 g, 12.9 mmol), 66 mL, 150 mg (0.645 mmol), 166 mg (0.645 mmol) | N-(1-ethyl-2-propen-1-yl)-4-methyl-benzenesulfonamide | 2.57 g | 1,2-dichloroethane | 85°C | 3 hours | 83% |"
volume89article44_1,"| Reactants | Reactant amounts | Products | Product amounts | Solvents | Reaction temperature | Reaction time | Yield |
|-----------|-----------------|----------|-----------------|-----------|----------------------|----------------|-------|
| n-butylmagnesium chloride, n-butyllithium, 1,3,5-tribromobenzene, di-tert-butyl dicarbonate | 16.8 mL (33.6 mmol), 28 mL (67.5 mmol), 25.00 g (79.4 mmol), 22.7 g (104.0 mmol) | t-Butyl-3,5-dibromobenzoate | 18.99 g | toluene, THF, hexanes | -10°C | 30 min (addition time), 1 h, 2 h | 71% |"
volume89article45_1,"| Reactants | Reactant amounts | Products | Product amounts | Solvents | Reaction temperature | Reaction time | Yield |
|-----------|-----------------|----------|-----------------|-----------|----------------------|----------------|-------|
| palmitoyl chloride, 1-hydroxypyridine-2(1H)-thione sodium salt, 4-N,N-dimethylaminopyridine | 10 mL (9.06 g, 33.0 mmol), 5.90 g (39.6 mmol), 0.040 g (0.33 mmol) | pentadecane | 6.29 g (90%) | chloroform | Reflux | 85 min | 90% |"
volume89article46_1,"| Reactants | Reactant amounts | Products | Product amounts | Solvents | Reaction temperature | Reaction time | Yield |
|-----------|-----------------|----------|-----------------|-----------|----------------------|----------------|-------|
| hydroxylamine hydrochloride, tert-butyldimethylsilyl chloride, Et3N, p-toluenesulfonyl chloride | 6.08 g (87.5 mmol), 13.2 g (87.5 mmol), 55.0 mL (397.7 mmol), 15.1 g (79.1 mmol) | O-TBS-N-tosylhydroxylamine | 16.4 g (54.4 mmol) | DMF | 0°C, room temperature | 2 hours | 69%"
volume89article46_2,"| Reactants | Reactant amounts | Products | Product amounts | Solvents | Reaction temperature | Reaction time | Yield |
|-----------|-----------------|----------|-----------------|-----------|----------------------|----------------|-------|
| O-TBS-N-tosylhydroxylamine, triphenylphosphine, cis-4-Benzyloxy-2-buten-1-ol, diethyl azodicarboxylate | 16.1 g (53.4 mmol), 18.2 g (69.3 mmol), 9.5 mL (56.1 mmol), 29.1 mL (64.1 mmol) | (Z)-N-(4-(benzyloxy)but-2-en-1-yl)-N-((tert-butyldimethylsilyl)-oxy)-4-methylbenzenesulfonamide | 21.7 g (47.0 mmol) | toluene, THF | 0°C | 30 min | 88% |"
volume89article46_3,"| Reactants | Reactant amounts | Products | Product amounts | Solvents | Reaction temperature | Reaction time | Yield |
|-----------|-----------------|----------|-----------------|-----------|----------------------|----------------|-------|
| (Z)-N-(4-(benzyloxy)but-2-en-1-yl)-N-((tert-butyldimethylsilyl)oxy)-4-methylbenzenesulfonamide, cesium fluoride | 21.7 g (47.0 mmol), 9.29 g (61.1 mmol) | (2Z)-4-(benzyloxy)but-2-enal oxime | 8.49 g (44.4 mmol) | acetonitrile | 50°C | 2 hours | 94% |"
volume89article47_1,"| Reactants | Reactant amounts | Products | Product amounts | Solvents | Reaction temperature | Reaction time | Yield |
|-----------|-----------------|----------|-----------------|-----------|----------------------|----------------|-------|
| 3-oxocyclobutanecarboxylic acid, magnesium sulfate, red mercury oxide, bromine | 20 g (175 mmol), 21.1 g (175 mmol), 56.9 g (263 mmol), 13.5 mL (263 mmol) | 3-Bromocyclobutanone | 23.6 g | dichloromethane | Reflux (46°C) | 6 hours | 90% |"
volume89article47_2,"| Reactants | Reactant amounts | Products | Product amounts | Solvents | Reaction temperature | Reaction time | Yield |
|-----------|-----------------|----------|-----------------|-----------|----------------------|----------------|-------|
| tri-n-butylamine, 3-bromocyclobutenone | 54.5 mL (228 mmol), 17.0 g (114 mmol) | Cyclobutenone | 4.5-4.7 g | N/A | Ambient temperature, -78°C | 1-2 hours | 58-60% |"
volume89article48_1,"| Reactants | Reactant amounts | Products | Product amounts | Solvents | Reaction temperature | Reaction time | Yield |
|-----------|-----------------|----------|-----------------|-----------|----------------------|----------------|-------|
| p-toluenesulfonyl hydrazide, p-toluenesulfonyl chloride, pyridine | 25.8 g (134 mmol), 33.2 g (174 mmol), 14.1 mL (13.8 g, 174 mmol) | N,N'-Ditosylhydrazine | 35.5 g (104 mmol), 5.05 g (14.8 mmol) | CH2Cl2 | <10°C | 30 min | 78% (first crop), 11% (second crop) |"
volume89article48_2,"| Reactants | Reactant amounts | Products | Product amounts | Solvents | Reaction temperature | Reaction time | Yield |
|-----------|-----------------|----------|-----------------|-----------|----------------------|----------------|-------|
| benzyl alcohol, bromoacetyl bromide | 6.50 mL (6.80 g, 63.0 mmol), 7.70 mL (88.2 mmol) | benzyl bromoacetate | 14.1 g (61.6 mmol) | acetonitrile | ice bath | 40 min | 98% |"
volume89article48_3,"| Reactants | Reactant amounts | Products | Product amounts | Solvents | Reaction temperature | Reaction time | Yield |
|-----------|-----------------|----------|-----------------|-----------|----------------------|----------------|-------|
| benzyl bromoacetate, N,N'-ditosyl hydrazine, DBU | 13.8 g (60.2 mmol), 30.8 g (90.4 mmol), 35.9 mL (36.6 g, 241 mmol) | benzyl diazoacetate | 8.56 g (48.6 mmol) | THF | <20°C | 30 min | 81% |"
volume89article49_1,"| Reactants | Reactant amounts | Products | Product amounts | Solvents | Reaction temperature | Reaction time | Yield |
|-----------|-----------------|----------|-----------------|-----------|----------------------|----------------|-------|
| lithium bis(trimethylsilyl)amide, methyl (2-chlorophenyl)acetate, iodomethane | 135 mL, 10.2 g (54.1 mmol), 8.4 mL (135.0 mmol) | Methyl 2-(2-chlorophenyl)-2-methylpropanoate | 10.7-10.8 g | THF | 0°C, room temperature | 2 hours | 93-94% |"
volume89article49_2,"| Reactants | Reactant amounts | Products | Product amounts | Solvents | Reaction temperature | Reaction time | Yield |
|-----------|-----------------|----------|-----------------|-----------|----------------------|----------------|-------|
| methyl 2-(2-chlorophenyl)-2-methylpropanoate, palladium(II) acetate, P(t-Bu)3_HBF4, potassium carbonate | 10.00 g (47.0 mmol), 527 mg (2.35 mmol), 1.36 g (4.69 mmol), 8.44 g (61.0 mmol) | Methyl 7-methylbicyclo[4.2.0]octa-1,3,5-triene-7-carboxylate | 4.91-4.95 g | DMF | 140°C | 24 hours | 59-60% |"
volume89article50_1,"| Reactants | Reactant amounts | Products | Product amounts | Solvents | Reaction temperature | Reaction time | Yield |
|-----------|-----------------|----------|-----------------|-----------|----------------------|----------------|-------|
| Methyl 4-cyanobenzoate, acetic acid, tert-butyl acetate, concentrated sulfuric acid, ammonium acetate, water | 50.0 g (310 mmol), 50.0 mL, 83.2 mL (72.0 g, 621 mmol), 29.8 mL (558 mmol), 96.0 g (124 mmol), 250 mL | Methyl 4-(tert-butylcarbamoyl)benzoate | 69.0 g (95%) | acetic acid, water | 19-30°C | 17-24 hours | 95% |"
volume89article51_1,"| Reactants | Reactant amounts | Products | Product amounts | Solvents | Reaction temperature | Reaction time | Yield |
|-----------|-----------------|----------|-----------------|-----------|----------------------|----------------|-------|
| hydrocinnamaldehyde, ethoxyacetylene, borane dimethyl sulfide complex, diethylzinc | 9.1 g (68 mmol), 16.8 g (0.12 mol), 17.5 mL (35 mmol), 96 mL (105 mmol) | (E)-5-Phenylpent-2-enal | 7.7-8.2 g | THF, toluene, t-butyl methyl ether | -75°C to 20°C | 4 hours | 71-75% |"
volume89article52_1,"| Reactants | Reactant amounts | Products | Product amounts | Solvents | Reaction temperature | Reaction time | Yield |
|-----------|-----------------|----------|-----------------|-----------|----------------------|----------------|-------|
| tert-butylhydrazine hydrochloride, NaOH, 3-aminocrotononitrile | 25.00 g (98%, 196.6 mmol), 98.3 mL (2 M, 196.6 mmol), 16.82 g (96%, 196.6 mmol) | 1-tert-Butyl-3-methyl-1H-pyrazol-5-amine | 27.0 g (97% purity) | N/A | 90°C | 22 hours | 87% |"
volume89article52_2,"| Reactants | Reactant amounts | Products | Product amounts | Solvents | Reaction temperature | Reaction time | Yield |
|-----------|-----------------|----------|-----------------|-----------|----------------------|----------------|-------|
| 2-chloropyridine, 1, tetra-butylammonium bromide, NaOH, Pd(dba)2, Xantphos | 10.00 g (87.2 mmol), 14.46 g (91.5 mmol), 1.42 g (4.40 mmol), 110 mL (2 M, 220.2 mmol), 0.20 g, 0.31 g | N-(1-tert-Butyl-3-methyl-1H-pyrazol-5-yl)pyridin-2-amine | 20.0 g | toluene | reflux (87°C) | 24 hours | 100% |"
volume89article52_3,"| Reactants | Reactant amounts | Products | Product amounts | Solvents | Reaction temperature | Reaction time | Yield |
|-----------|-----------------|----------|-----------------|-----------|----------------------|----------------|-------|
| 2, trifluoroacetic acid, EtOH, 5 N NaOH | 10.00 g (43.4 mmol), 9.9 mL (127.0 mmol), 50 mL, 25 mL | N-(3-Methyl-1H-pyrazol-5-yl)pyridin-2-amine | 6.73 g | water | 95°C | 3 hours | 89% |"
volume89article53_1,"| Reactants | Reactant amounts | Products | Product amounts | Solvents | Reaction temperature | Reaction time | Yield |
|-----------|-----------------|----------|-----------------|-----------|----------------------|----------------|-------|
| benzanilide, dichloromethane, 2-chloropyridine, trifluoromethanesulfonic anhydride, thiocyanic acid methyl ester, triethylamine | 6.02 g (30.5 mmol), 60 mL, 5.76 mL (6.97 g, 61.4 mmol), 5.60 mL (9.39 g, 33.3 mmol), 2.52 mL (2.67 g, 36.5 mmol), 10.0 mL (7.26 g, 71.7 mmol) | 4-(Methylthio)-2-phenylquinazoline | 6.15 g | dichloromethane | <-70°C, 0°C, 5-6°C, 23°C | 2.5 hours | 80% |
| benzanilide, dichloromethane, 2-chloropyridine, trifluoromethanesulfonic anhydride, thiocyanic acid methyl ester, triethylamine | N/A | 4-(4-Methoxyphenyl)-2-phenylquinoline | N/A | dichloromethane | N/A | N/A | N/A |"
volume89article53_2,"| Reactants | Reactant amounts | Products | Product amounts | Solvents | Reaction temperature | Reaction time | Yield |
|-----------|-----------------|----------|-----------------|-----------|----------------------|----------------|-------|
| benzanilide, 2-chloropyridine, trifluoromethanesulfonic anhydride, p-methoxyphenylacetylene | 5.29 g (26.8 mmol), 5.04 mL (6.10 g, 53.7 mmol), 4.96 mL (8.33 g, 29.5 mmol), 4.18 mL (4.26 g, 32.2 mmol) | 4-(4-Methoxyphenyl)-2-phenylquinoline | 7.34 g | dichloromethane | <-70°C, 0°C, 23°C, 95°C | 2 hours, 3 hours, 12 hours | 88% |"
volume90article2_1,"| Reactants | Reactant amounts | Products | Product amounts | Solvents | Reaction temperature | Reaction time | Yield |
|-----------|-----------------|----------|-----------------|-----------|----------------------|----------------|-------|
| Paraformaldehyde, ethanethiol | 5.58 g (0.186 mol), 12.8 mL (10.7 g, 0.173 mol) | (Ethylthio)methanol | N/A | N/A | 4°C | N/A | N/A |"
volume90article2_2,"| Reactants | Reactant amounts | Products | Product amounts | Solvents | Reaction temperature | Reaction time | Yield |
|-----------|-----------------|----------|-----------------|-----------|----------------------|----------------|-------|
| (ethylthio)methanol, 4-(dimethylamino)pyridine, triethylamine, chloro(1,1-dimethylethyl)dimethylsilane | N/A | (1,1-Dimethylethyl)[(ethylthio)methoxy]dimethylsilane | 28.0-28.6 g | dichloromethane | 3°C, water bath | 4 hours | 78-80% |"
volume90article2_3,"| Reactants | Reactant amounts | Products | Product amounts | Solvents | Reaction temperature | Reaction time | Yield |
|-----------|-----------------|----------|-----------------|-----------|----------------------|----------------|-------|
| (1,1-Dimethylethyl)[(ethylthio)methoxy]dimethylsilane, sulfuryl chloride | 12.1 g (58.6 mmol), 8.14 g (60.3 mmol) | (Chloromethoxy)(1,1-dimethylethyl)dimethylsilane | 8.41-8.66 g | dichloromethane | 2°C | 20 min | 80-82% |"
volume90article2_4,"| Reactants | Reactant amounts | Products | Product amounts | Solvents | Reaction temperature | Reaction time | Yield |
|-----------|-----------------|----------|-----------------|-----------|----------------------|----------------|-------|
| Sodium p-toluenesulfinate monohydrate, sulfur, ethanol, water | 25.4 g (0.13 mol), 4.54 g (0.14 mol), 100 mL, 100 mL | 4-Methylbenzenesulfonothioic acid, sodium salt | 22.4-23.4 g | ethanol, water | reflux | 8 hours | 82-86% |"
volume90article2_5,"| Reactants | Reactant amounts | Products | Product amounts | Solvents | Reaction temperature | Reaction time | Yield |
|-----------|-----------------|----------|-----------------|-----------|----------------------|----------------|-------|
| 4-methylbenzenesulfonothioic acid, sodium salt, acetonitrile, (chloromethoxy)(1,1-dimethylethyl)dimethylsilane | 5.97 g (28.4 mmol), N/A, 35 mL, 4.96 g (27.4 mmol) | 4-methylbenzenesulfonothioic acid, S-[[[(1,1-dimethyl-ethyl)dimethylsilyl]-oxy]methyl] ester | 9.06 g | acetonitrile | N/A | 4 hours | 99% |"
volume90article4_1,"| Reactants | Reactant amounts | Products | Product amounts | Solvents | Reaction temperature | Reaction time | Yield |
|-----------|-----------------|----------|-----------------|-----------|----------------------|----------------|-------|
| [Cp*RhCl2]2, AgSbF6, Cu(OAc)2, N,N-Diethylbenzamide, styrene | 45.8 mg, 102 mg, 11.3 g, 5.25 g, 5.11 mL | (E)-N,N-Diethyl-2-styrylbenzamide | 7.62 g | 1,4-dioxane, toluene, EtOAc | 125°C | 23 hours | 92% |"
volume90article5_1,"| Reactants | Reactant amounts | Products | Product amounts | Solvents | Reaction temperature | Reaction time | Yield |
|-----------|-----------------|----------|-----------------|-----------|----------------------|----------------|-------|
| (1R,2R)-1,2-diaminocyclohexane, 4-pyridinecarboxaldehyde, 3-t-butyl-2-hydroxybenzaldehyde, sodium borohydride | 350 mg (3.00 mmol), 328 mg (3.00 mmol), 558 mg (3.00 mmol), 768 mg (19.9 mmol) | 2-(1,1-Dimethylethyl)-6-[[[(1R,2R)-2-[(4-pyridinylmethyl)amino]-cyclohexyl]amino]methyl]-phenol | 579-582 mg | dichloromethane, methanol | 25°C, reflux | 2 hours, 19 hours | 52-53% yield, >99% ee |"
volume90article5_2,"| Reactants | Reactant amounts | Products | Product amounts | Solvents | Reaction temperature | Reaction time | Yield |
|-----------|-----------------|----------|-----------------|-----------|----------------------|----------------|-------|
| 2-(1,1-dimethylethyl)-6-[[[(1R,2R)-2-[(4-pyridinylmethyl)-amino]cyclohexyl]amino]methyl]-phenol, copper acetate, p-nitrobenzaldehyde, nitromethane | 606 mg (1.65 mmol), 273 mg (1.47 mmol), 4.48 g (29.1 mmol), 16.2 mL (18.3 g, 295 mmol) | (1S)-1-(4-nitrophenyl)-2-nitroethane-1-ol | 5.01 g | ethanol | 23°C | 3 hours | 81% |"
volume90article6_1,"| Reactants | Reactant amounts | Products | Product amounts | Solvents | Reaction temperature | Reaction time | Yield |
|-----------|-----------------|----------|-----------------|-----------|----------------------|----------------|-------|
| 1-(4-bromophenyl)ethanone, hydroxylamine hydrochloride, denatured ethanol, pyridine | 50.0 g (251 mmol), 37.0 g (532 mmol), 375 mL, 37.5 mL (465 mmol) | 1-(4-Bromophenyl)ethanone oxime | 53.0-53.1 g | ethanol | reflux | 4 hours | 99% |"
volume90article6_2,"| Reactants | Reactant amounts | Products | Product amounts | Solvents | Reaction temperature | Reaction time | Yield |
|-----------|-----------------|----------|-----------------|-----------|----------------------|----------------|-------|
| 1-(4-bromophenyl)ethanone oxime, acetic anhydride, acetic acid, iron(II) acetate | 20.0 g (93.4 mmol), 19.1 g (17.6 mL, 187 mmol), 16.8 g (16.0 mL, 280 mmol), 32.5 g (187 mmol) | N-(1-(4-Bromophenyl)vinyl)acetamide | 17.25-17.90 g | THF | 65°C | 12 hours | 77-80% |"
volume90article7_1,"| Reactants | Reactant amounts | Products | Product amounts | Solvents | Reaction temperature | Reaction time | Yield |
|-----------|-----------------|----------|-----------------|-----------|----------------------|----------------|-------|
| methyl 4-aminobenzoate, 1-benzyloxycarbonyl-4-piperidone, glacial acetic acid, sodium triacetoxyborohydride | 25.6 g (169 mmol), 47.0 g (201 mmol), 9.5 mL (10.0 g, 167 mmol), 53.1 g (250 mmol) | Benzyl 4-(4-(methoxycarbonyl)phenylamino)piperidine-1-carboxylate | 52.0 g | dichloromethane | 22-23°C | 17 hours | 84% |"
volume90article7_2,"| Reactants | Reactant amounts | Products | Product amounts | Solvents | Reaction temperature | Reaction time | Yield |
|-----------|-----------------|----------|-----------------|-----------|----------------------|----------------|-------|
| benzyl 4-(4-(methoxycarbonyl)phenyl-amino)piperidine-1-carboxylate, ethyl acetate, pyridine, chloroacetyl chloride | 25.0 g (68 mmol), 250 mL, 8.3 mL, 10.1 g (89 mmol) | Benzyl 4-(2-chloro-N-(4-(methoxycarbonyl)phenyl)acetamido)-piperidine-1-carboxylate | 28.5 g | ethyl acetate | 3°C, ambient temperature | 1.5 hours | 94% |"
volume90article7_3,"| Reactants | Reactant amounts | Products | Product amounts | Solvents | Reaction temperature | Reaction time | Yield |
|-----------|-----------------|----------|-----------------|-----------|----------------------|----------------|-------|
| benzyl 4-(2-chloro-N-(4-(methoxycarbonyl)phenyl)acetamido)-piperidine-1-carboxylate, palladium acetate, 2-(di-t-butylphosphino)biphenyl, triethylamine | 20.0 g (44.6 mmol), 1.01 g (4.5 mmol), 2.74 g (9.2 mmol), 6.93 g (68 mmol) | Methyl 1-(1-(benzyloxycarbonyl)piperidin-4-yl)-2-oxoindoline-5-carboxylate | 15.9 g | 2-methyltetrahydrofuran, 2-propanol | 74-76°C | 2 hours | 87% |"
volume90article8_1,"| Reactants | Reactant amounts | Products | Product amounts | Solvents | Reaction temperature | Reaction time | Yield |
|-----------|-----------------|----------|-----------------|-----------|----------------------|----------------|-------|
| 1-ethynylcyclohexanol, 2-methyl-1-propanol, aqueous hydroxylamine | 5.00 g (40.3 mmol), 40 mL, 6.18 mL (101 mmol) | E-1-(1-Hydroxycyclohexyl)ethanone oxime | 5.27-5.42 g | 2-methyl-1-propanol | 125°C | 18 hours | 83-86% |"
volume90article9_1,"| Reactants | Reactant amounts | Products | Product amounts | Solvents | Reaction temperature | Reaction time | Yield |
|-----------|-----------------|----------|-----------------|-----------|----------------------|----------------|-------|
| Benzyl azide, 1,2-Dichlorethane, phenylacetylene, chloro(1,5-cyclooctadiene)(pentamethylcyclopentadiene)-ruthenium | 10.0 g (75 mmol), 150 mL, 8.06 g (8.66 mL, 79 mmol), 285 mg (0.75 mmol) | 1-Benzyl-5-phenyl-1H-1,2,3-triazole | 15.9-16.2 g | DCE | 45°C | 30 min | 90-92% |"
volume90article10_1,"| Reactants | Reactant amounts | Products | Product amounts | Solvents | Reaction temperature | Reaction time | Yield |
|-----------|-----------------|----------|-----------------|-----------|----------------------|----------------|-------|
| Aldehydes, 1,3-dienes | N/A | Bishomoallyl alcohols, homoallyl alcohols | Good to excellent yields | Triethylborane, diethylzinc | N/A | N/A | N/A |
| Aldehydes, 1,3-dienes, spirobiindane phosphoramidite ligands, diethylzinc | N/A | Chiral bishomoallyl alcohols | High yields, excellent diastereoselectivities and enantioselectivities | N/A | N/A | N/A | N/A |
| Aldehydes, isoprene | N/A | Tetrahydrofuran fragment of amphidinolide C | N/A | N/A | N/A | N/A | N/A |
| Aldehydes, dienes, bis(pinacolato)diboron | N/A | 4-pentene-1,3-diols, 2-pentene-1,5-diols | N/A | N/A | N/A | N/A | N/A |
| Aldehydes, dienes | N/A | Bishomoallyl alcohols with allylsilane unit in the side chain | N/A | N/A | N/A | N/A | N/A |
| Aldehydes, dienes, triethylborane | N/A | Homoallyl alcohols | Good yields | N/A | N/A | N/A | N/A |
| Aldehydes, dienes, Pd-catalyst/Xantphos, triethylborane | N/A | Dienyl homoallyl alcohols | Excellent yields | N/A | N/A | N/A | N/A |"
volume90article11_1,"| Reactants | Reactant amounts | Products | Product amounts | Solvents | Reaction temperature | Reaction time | Yield |
|-----------|-----------------|----------|-----------------|-----------|----------------------|----------------|-------|
| N-(diphenylmethylene)glycine tert-butyl ester, (S)-4,4-dibutyl-2,6-bis(3,4,5-trifluorophenyl)-4,5-dihydro-3H- dinaphtho[2,1-c:1',2'-e]azepinium bromide, benzyl bromide, toluene, aqueous 48% potassium hydroxide solution | 5.00 g (16.9 mmol), 12.7 mg (17.0 µmol), 2.41 mL (3.47 g, 20.3 mmol), 56.4 mL, 56.4 mL | (R)-2-(Benzhydrylidenamino)-3-phenylpropanoic acid tert-butyl ester | 6.40 g | toluene | ~0°C | 20 hours | 98% |"
volume90article12_1,"| Reactants | Reactant amounts | Products | Product amounts | Solvents | Reaction temperature | Reaction time | Yield |
|-----------|-----------------|----------|-----------------|-----------|----------------------|----------------|-------|
| L-alanine tert-butyl ester hydrochloride, 4-chlorobenzaldehyde, toluene, triethylamine | 5.00 g (27.5 mmol), 3.69 g (26.2 mmol), 25.0 mL, 4.20 mL (30.1 mmol) | 2-[(4-Chlorobenzyliden)amino]propanoic acid tert-butyl ester | 6.66 g | toluene | 70°C | 4 hours | 95% |"
volume90article12_2,"| Reactants | Reactant amounts | Products | Product amounts | Solvents | Reaction temperature | Reaction time | Yield |
|-----------|-----------------|----------|-----------------|-----------|----------------------|----------------|-------|
| crude 2-[(4-chlorobenzyliden)amino]propanoic acid tert-butyl ester, (S)-4,4-dibutyl-2,6-bis(3,4,5-trifluorophenyl)-4,5-dihydro-3H-dinaphtho[2,1-c:1',2'-e]azepin-ium bromide, benzyl bromide, toluene, aqueous cesium hydroxide solution | 6.66 g, 19.6 mg, 3.74 mL, 52.4 mL, 24.5 g | (R)-2-Amino-2-methyl-3-phenylpropanoic acid tert-butyl ester | 4.80 g | toluene | 0°C | 18 hours | 78% (for 2 steps)"
volume90article13_1,"| Reactants | Reactant amounts | Products | Product amounts | Solvents | Reaction temperature | Reaction time | Yield |
|-----------|-----------------|----------|-----------------|-----------|----------------------|----------------|-------|
| potassium fluoride, 18-crown-6, chloromethyl phenyl sulfide | 8.80 g (152 mmol), 2.01 g (7.6 mmol), 10.2 mL (12.10 g, 76.0 mmol) | Fluoromethyl phenyl sulfone | 10.99-12.18 g | acetonitrile | reflux | 120 hours | 83-92% |"
volume90article13_2,"| Reactants | Reactant amounts | Products | Product amounts | Solvents | Reaction temperature | Reaction time | Yield |
|-----------|-----------------|----------|-----------------|-----------|----------------------|----------------|-------|
| potassium hydride, hexamethyldisilazane, fluoromethyl phenyl sulfone, benzenesulfonyl fluoride | 21.80 g (163 mmol), 40.9 mL (31.5 g, 195 mmol), 10.66 g (61.2 mmol), 7.37 mL (9.80 g, 61.2 mmol) | α-Fluorobis(phenylsulfonyl)methane | 14.04 g, 2.51 g | THF, methylene chloride, hexanes | -78°C, reflux, 5°C | 30 min, N/A, 2 h | 85% |"
volume90article14_1,"| Reactants | Reactant amounts | Products | Product amounts | Solvents | Reaction temperature | Reaction time | Yield |
|-----------|-----------------|----------|-----------------|-----------|----------------------|----------------|-------|
| Zinc iodide, tetrahydrofuran, triethyl phosphite, benzyl alcohol | 12.2 g (38.2 mmol), 35 mL, 8.2 mL (48 mmol), 3.3 mL (32 mmol) | Diethyl phosphonate | 5.11 g | Tetrahydrofuran | Reflux (75°C) | 16 hours | 70% |"
volume90article15_1,"| Reactants | Reactant amounts | Products | Product amounts | Solvents | Reaction temperature | Reaction time | Yield |
|-----------|-----------------|----------|-----------------|-----------|----------------------|----------------|-------|
| 1-naphthaleneboronic acid, KHF2 | 22.0 g (128 mmol), 30.3 g (388 mmol) | Potassium 1-Naphthyltrifluoroborate | 26.5 g | methanol, water, acetonitrile | 5°C, reflux, ambient temperature | 20 min, 90 min, 90 min | 89% |"
volume90article15_2,"| Reactants | Reactant amounts | Products | Product amounts | Solvents | Reaction temperature | Reaction time | Yield |
|-----------|-----------------|----------|-----------------|-----------|----------------------|----------------|-------|
| Potassium 1-naphthyltrifluoroborate, Oxone®, aq HCl | 26.0 g (111 mmol), 72 g, 360 mL | 1-Naphthol | 14.3 g | acetone, water | 3°C | 5 min | 89% |"
volume90article16_1,"| Reactants | Reactant amounts | Products | Product amounts | Solvents | Reaction temperature | Reaction time | Yield |
|-----------|-----------------|----------|-----------------|-----------|----------------------|----------------|-------|
| 2-iodobenzoyl chloride, aniline, triethylamine | 16.3 g (61.1 mmol), 7.0 g (75 mmol), 7.6 g (75 mmol) | 2-iodo-N-phenylbenzamide | 17.6 g | dichloromethane | 2-22°C | 1.5 hours | 89% |"
volume90article16_2,"| Reactants | Reactant amounts | Products | Product amounts | Solvents | Reaction temperature | Reaction time | Yield |
|-----------|-----------------|----------|-----------------|-----------|----------------------|----------------|-------|
| 2-iodo-N-phenylbenzamide, AIBN, potassium t-butoxide | 7.0 g (21.6 mmol), 0.77 g (4.7 mmol), 12.0 g (107 mmol) | Phenanthridin-6(5H)-one | 3.59 g | benzene | Reflux (81°C) | 20 h, 5 h | 85% |"
volume90article17_1,"| Reactants | Reactant amounts | Products | Product amounts | Solvents | Reaction temperature | Reaction time | Yield |
|-----------|-----------------|----------|-----------------|-----------|----------------------|----------------|-------|
| acetonitrile, trichloroethanol | 13.0 mL, 20.0 mL | 2,2,2-Trichloroethyl acetimidate hydrochloride | 42.8-46.0 g | N/A | 0-5°C | 5 hours | 91-97% |"
volume90article17_2,"| Reactants | Reactant amounts | Products | Product amounts | Solvents | Reaction temperature | Reaction time | Yield |
|-----------|-----------------|----------|-----------------|-----------|----------------------|----------------|-------|
| potassium carbonate, water, 2-methyltetrahydrofuran, 2,2,2-Trichloroethyl acetimidate hydrochloride, aniline, 4-bromobenzoic acid | 12.4 g (89.9 mmol), 30 mL, 20 mL, 8.60 g (37.9 mmol), 2.76 mL (30.2 mmol), 6.06 g (30.1 mmol) | N1-Phenylacetamidine 4-bromobenzoate | 8.88-8.91 g | 2-methyltetrahydrofuran | Room temperature | 3 hours, overnight | 87-88% |"
volume90article18_1,"| Reactants | Reactant amounts | Products | Product amounts | Solvents | Reaction temperature | Reaction time | Yield |
|-----------|-----------------|----------|-----------------|-----------|----------------------|----------------|-------|
| N-acyl thiazolidinethiones, dialkyl acetals, hemiacetals, glycals | N/A | anti α-alkyl-β-alkoxy carboxylic derivatives | N/A | N/A | N/A | N/A | N/A |"
volume90article19_1,"| Reactants | Reactant amounts | Products | Product amounts | Solvents | Reaction temperature | Reaction time | Yield |
|-----------|-----------------|----------|-----------------|-----------|----------------------|----------------|-------|
| (diacetoxyiodo)benzene, trifluoroacetic acid, methyl 4-hydroxyphenylacetate | 23.9 g (74.2 mmol), 6.4 mL (83.6 mmol), 9.1 g (54.8 mmol) | Methyl 2-(1-acetamido-4-oxocyclohexa-2,5-dien-1-yl)acetate | 7.7 g (34.5 mmol) | CH3CN, toluene, CH2Cl2 | Room temperature, 32°C | 3 hours | 63% |"
volume90article20_1,"| Reactants | Reactant amounts | Products | Product amounts | Solvents | Reaction temperature | Reaction time | Yield |
|-----------|-----------------|----------|-----------------|-----------|----------------------|----------------|-------|
| 4-Bromoaniline, p-toluenesulfonyl chloride, dichloromethane, pyridine | 15.1 g (88.0 mmol), 17.1 g (89.8 mmol), 230 mL, 7.8 mL (97 mmol) | N-(4-Bromophenyl)-4-methylbenzenesulfonamide | 28.5-28.6 g | dichloromethane | Room temperature | 16 hours | 99% |"
volume90article20_2,"| Reactants | Reactant amounts | Products | Product amounts | Solvents | Reaction temperature | Reaction time | Yield |
|-----------|-----------------|----------|-----------------|-----------|----------------------|----------------|-------|
| NiI2.xH2O, 4,4'-di-methoxy-2,2'-bipyridine, sodium iodide, N-(4-bromophenyl)-4-methylbenzenesulfonamide, pyridine, ethyl 4-bromobutyrate, zinc powder | 528 mg, 284 mg, 1.25 g, 8.33 g, 105 μL, 4.0 mL, 3.44 g | Ethyl 4-(4-(4-methylphenylsulfonamido)phenyl)butanoate | 7.16-7.70 g | DMPU | 60°C | N/A | 78-83% |"
volume90article22_1,"| Reactants | Reactant amounts | Products | Product amounts | Solvents | Reaction temperature | Reaction time | Yield |
|-----------|-----------------|----------|-----------------|-----------|----------------------|----------------|-------|
| cyclohex-2-enone, HBr, Br2, pyridine | 15.0 g (156 mmol), 3.6 mL (32 mmol), 9.0 mL (175 mmol), 25.5 mL (316 mmol) | 2-Bromo-2-cyclohexen-1-one | 26.7 g | CH2Cl2 | -45°C to reflux (43°C) | 1 hour | 98% |"
volume90article22_2,"| Reactants | Reactant amounts | Products | Product amounts | Solvents | Reaction temperature | Reaction time | Yield |
|-----------|-----------------|----------|-----------------|-----------|----------------------|----------------|-------|
| MeOH, 2-bromo-2-cyclohexen-1-one, AcOH, NaCN | 120 mL, 18.6 g (106 mmol), 6.5 mL, 5.68 g (116 mmol) | 3-Oxocyclohex-1-enecarbonitrile | 8.07 g | water | Tap-water bath, ice-water bath | 20 min | 63% |"
volume90article23_1,"| Reactants | Reactant amounts | Products | Product amounts | Solvents | Reaction temperature | Reaction time | Yield |
|-----------|-----------------|----------|-----------------|-----------|----------------------|----------------|-------|
| 2-amino-5-bromobenzoic acid, lithium aluminum hydride | 9.87 g (45.7 mmol), 5.00 g (132 mmol) | 2-Amino-5-bromobenzyl alcohol | 7.44-8.10 g | THF | Room temperature | 20 hours | 80-88% |"
volume90article23_2,"| Reactants | Reactant amounts | Products | Product amounts | Solvents | Reaction temperature | Reaction time | Yield |
|-----------|-----------------|----------|-----------------|-----------|----------------------|----------------|-------|
| 2-amino-5-bromobenzyl alcohol, [CuI(MeCN)4](OTf), 2,2'-bipyridine, 2,2,6,6-tetramethylpiperidine-N-oxyl (TEMPO), N-methyl imidazole | 6.10 g (30.0 mmol), 569 mg (1.51 mmol), 236 mg (1.51 mmol), 236 mg (1.51 mmol), 240 μL (248 mg, 3.02 mmol) | 2-Amino-5-bromobenzaldehyde | 5.37-5.50 g | MeCN | Room temperature | 2-3 hours | 89-91% |"
volume90article24_1,"| Reactants | Reactant amounts | Products | Product amounts | Solvents | Reaction temperature | Reaction time | Yield |
|-----------|-----------------|----------|-----------------|-----------|----------------------|----------------|-------|
| Anhydrous DME, SOCl2, 2-aminophenethyl alcohol, sodium hydroxide, water, oxalic acid dihydrate, methanol | 80 mL, 6.2 mL, 10.0 g, 128 mL, 16 mL, 9.3 g, 14 mL | Indoline oxalic acid salt | 12.0-12.1 g | DME, MTBE, ethyl acetate | Ambient temperature, 60°C | 6-7 hours, 10 hours, 15 hours | 79% |"
volume90article25_1,"| Reactants | Reactant amounts | Products | Product amounts | Solvents | Reaction temperature | Reaction time | Yield |
|-----------|-----------------|----------|-----------------|-----------|----------------------|----------------|-------|
| 4-Fluorophenyl boronic acid, tetrabutylammonium bifluoride | 4.00 g (28.6 mmol), 24.2 g (85.8 mmol) | Tetrabutylammonium(4-Fluorophenyl)trifluoroborate | 11.2 g | chloroform, water | N/A | 2.5 hours | 97% |"
volume90article26_1,"| Reactants | Reactant amounts | Products | Product amounts | Solvents | Reaction temperature | Reaction time | Yield |
|-----------|-----------------|----------|-----------------|-----------|----------------------|----------------|-------|
| geraniol, trichloroacetyl isocyanate, methanol | 11.0 g (71.3 mmol), 9.30 mL (14.7 g, 78.0 mmol), 0.90 mL (0.71 g, 22 mmol) | (E)-3,7-Dimethylocta-2,6-dien-1-ylcarbamate | 13.93 g | dichloromethane, methanol | -15°C | 20 min, 3 hours | 99% |"
volume90article26_2,"| Reactants | Reactant amounts | Products | Product amounts | Solvents | Reaction temperature | Reaction time | Yield |
|-----------|-----------------|----------|-----------------|-----------|----------------------|----------------|-------|
| crude carbamate 3, toluene, triphenylphosphine, Triethylamine, Carbon tetrabromide | 13.93 g (70.6 mmol), 10 mL, 28.0 g (107 mmol), 20.0 mL (14.5 g, 143 mmol), 37.8 g (114 mmol) | t-Butyl 3,7-dimethylocta-1,6-dien-3-ylcarbamate | 12.44 g | dichloromethane, tetrahydrofuran | -15 to -10°C | 20 min | 69% |"
volume90article27_1,"| Reactants | Reactant amounts | Products | Product amounts | Solvents | Reaction temperature | Reaction time | Yield |
|-----------|-----------------|----------|-----------------|-----------|----------------------|----------------|-------|
| Hydrazine hydrate, ethanol, 2-Chlorobenzaldehyde | 100 mL (1.75 mol), 105 mL, 36.8 g (0.259 mol) | (E)-(2-Chlorobenzylidene)hydrazine | 41.3-42.1 g | N/A | 60°C | 1 hour | >99% |"
volume90article27_2,"| Reactants | Reactant amounts | Products | Product amounts | Solvents | Reaction temperature | Reaction time | Yield |
|-----------|-----------------|----------|-----------------|-----------|----------------------|----------------|-------|
| (E)-(2-Chlorobenzylidene)hydrazine, toluene, potassium carbonate, 2,4-Dichloropyridine, Pd(dppf)Cl2·CH2Cl2 | 37.3 g (0.241 mol), 300 mL, 50.3 g (0.357 mol), 36.0 g (0.243 mol), 0.946 g (1.16 mmol) | (E)-4-Chloro-2-(2-(2-chlorobenzylidene)hydrazinyl)pyridine | 53.3-56.4 g | toluene, DMSO | 100°C | 20-22 hours | 83-88% |"
volume90article27_3,"| Reactants | Reactant amounts | Products | Product amounts | Solvents | Reaction temperature | Reaction time | Yield |
|-----------|-----------------|----------|-----------------|-----------|----------------------|----------------|-------|
| (E)-4-Chloro-2-(2-(2-chlorobenzylidene)hydrazinyl)pyridine, 2-methyltetrahydrofuran, Chloramine-T trihydrate, Sodium sulfite, water, aqueous 1 M NaOH, aqueous 5 M sodium chloride solution, Darco G 60, n-heptane | 20.0 g (0.075 mol), 200 mL, 25.4 g (0.090 mol), 10.0 g (0.079 mol), 90 mL, 100 mL, 100 mL, 4.0 g, 300 mL | 7-Chloro-3-(2-chlorophenyl)-[1,2,4]triazolo[4,3-a]pyridine | 17.4-18.0 g | 2-methyltetrahydrofuran | 60°C | 12-14 hours | 87-90% |"
volume90article28_1,"| Reactants | Reactant amounts | Products | Product amounts | Solvents | Reaction temperature | Reaction time | Yield |
|-----------|-----------------|----------|-----------------|-----------|----------------------|----------------|-------|
| 1,4-diazabicyclo[2,2,2]octane, Karl-Fischer reagent | 15.0 g (134 mmol), 120 mL | 1,4-Diazabicyclo[2,2,2]octane bis (sulfur dioxide) adduct | 30.9-31.0 g | THF | 0°C, room temperature | 30 min, 3 hours | 96-97% |"
volume90article29_1,"| Reactants | Reactant amounts | Products | Product amounts | Solvents | Reaction temperature | Reaction time | Yield |
|-----------|-----------------|----------|-----------------|-----------|----------------------|----------------|-------|
| EDC-HCl, DCM/DMF, Z-L-Phg-OH, Oxyma Pure, H-Val-OMe-HCl, DIEA | 4.72 g (25 mmol), 110 mL, 7.26 g (25 mmol), 3.67 g (25 mmol), 4.27 g (25 mmol), 4.29 mL (25 mmol) | Z-L-Phg-Val-OMe dipeptide | 7.98-8.25 g | DCM/DMF | 0°C, room temperature | 1 hour, overnight | 81-84% |"
volume90article30_1,"| Reactants | Reactant amounts | Products | Product amounts | Solvents | Reaction temperature | Reaction time | Yield |
|-----------|-----------------|----------|-----------------|-----------|----------------------|----------------|-------|
| ferrocene, tetrahydrofuran, potassium tert-butoxide, tert-Butyllithium, di-tert-butylchlorophosphine, Tetrafluoroboric acid-diethyl ether complex | 8.0 g (43.0 mmol), 480 mL, 5.25 mL (5.25 mmol), 49.6 mL (84.3 mmol), 8.8 mL (46.3 mmol), 11.5 mL (84.5 mmol) | Di-tert-butylphosphinoferrocene | 11.0 g (61%) | tetrahydrofuran, pentane, methyl tert-butyl ether, deionized water | -70°C, ambient temperature | 12 hours, 2 hours | 61% |"
volume90article31_1,"| Reactants | Reactant amounts | Products | Product amounts | Solvents | Reaction temperature | Reaction time | Yield |
|-----------|-----------------|----------|-----------------|-----------|----------------------|----------------|-------|
| Magnesium turnings, diethyl ether, 1,2-dibromoethane, benzyl bromide | 7.2 g (0.3 mol), 100 mL, 0.5 mL, 30 mL | 4-Phenyl-1,2-butadiene | 18.6 g (57% by the checker; 24.9 g, 77% by the submitter) | diethyl ether | Reflux (55°C) | 2 hours | 57-77% |"
volume90article31_3,"| Reactants | Reactant amounts | Products | Product amounts | Solvents | Reaction temperature | Reaction time | Yield |
|-----------|-----------------|----------|-----------------|-----------|----------------------|----------------|-------|
| Crude product 2, CH3CN, benzylamine | 15.0 g, 15 mL, 9.8 mL | 1-Benzyl-2-methyl-3-(ethoxycarbonyl)-4-(2-phenylethyl)-1H-pyrrole | 9.05 g | CH3CN | 80°C | 19 hours | 52% |"
volume90article32_1,"| Reactants | Reactant amounts | Products | Product amounts | Solvents | Reaction temperature | Reaction time | Yield |
|-----------|-----------------|----------|-----------------|-----------|----------------------|----------------|-------|
| acetophenone, (RS)-2-methylpropane-2-sulfinamide, Ti(OEt)4 | 6.01 g (50.0 mmol), 6.06 g (50.0 mmol), 21.3 mL (22.8 g, 100 mmol) | (RS)-N-[1-Phenylethylidene]-2-methylpropane-2-sulfinamide | 9.54-9.78 g | ethyl acetate | 72°C | 4 hours | 85-88% |"
volume90article32_2,"| Reactants | Reactant amounts | Products | Product amounts | Solvents | Reaction temperature | Reaction time | Yield |
|-----------|-----------------|----------|-----------------|-----------|----------------------|----------------|-------|
| [RuCl2(p-cymene)]2, 2-amino-2-methylpropan-1-ol, 4 Å MS, imine 3, potassium tert-butoxide | 490 mg (0.8 mmol), 143 mg (1.6 mmol), 3 g, 7.147 g (32.0 mmol), 449 mg (4.0 mmol) | (R,RS)-N-(1-Phenylethyl)-2-methylpropane-2-sulfinamide | 7.20-7.22 g | isopropyl alcohol, ethyl acetate | 50°C | 2 hours | >99% |"
volume90article34_1,"| Reactants | Reactant amounts | Products | Product amounts | Solvents | Reaction temperature | Reaction time | Yield |
|-----------|-----------------|----------|-----------------|-----------|----------------------|----------------|-------|
| acetic anhydride, formic acid, benzotriazole | 26.5 mL, 21.1 mL, 23.8 g | N-formylbenzotriazole | 29.3 g | tetrahydrofuran, chloroform | -15°C to 43°C | 3 hours | 99.7% |"
