Index,Reactants,ReactantSMILES,Reactant amounts,Products,ProductSMILES,Product amounts,Solvents,Reaction temperature,Reaction time,ReactionSMILES,Yield
volume7article2_1_1,"p-hydroxyphenylarsonic acid, sodium hydroxide, chloroacetic acid, hydrochloric acid","Oc1ccc(cc1)[As](O)(O)=O, [OH-].[Na+], OC(=O)CCl, [H+].[Cl-]","218 g (1 mole), 180 g (4.5 moles), 189 g (2 moles), 200 cc (2.1 moles)",p-arsonophenoxyacetic acid,[As](=O)(O)(O)C1=CC=C(OCC(=O)O)C=C1,110-120 g,water,"40-50°C, reflux",4 hours,Oc1ccc(cc1)[As](O)(O)=O.[OH-].[Na+].OC(=O)CCl.[H+].[Cl-]>>[As](=O)(O)(O)C1=CC=C(OCC(=O)O)C=C1,40-43%
volume7article3_1_1,"aniline, benzoic acid","Nc1ccccc1, OC(=O)c1ccccc1","750 g (8.1 moles), 1 kg (8.2 moles)",benzanilide,O=C(Nc1ccccc1)c2ccccc2,1270-1325 g,,"180-190°C, 225°C","2-3 hours, 1-2 hours",Nc1ccccc1.OC(=O)c1ccccc1>>O=C(Nc1ccccc1)c2ccccc2,80-84%
volume7article4_1_1,"phthalimide, potassium hydroxide","O=C1NC(=O)c2ccccc12, [OH-].[K+]","80 g (0.54 mole), 30.5 g (0.54 mole)",potassium phthalimide,[K+].O=C1[N-]C(=O)c2ccccc12,160-180 g,absolute alcohol,gentle boil,15 min,O=C1NC(=O)c2ccccc12.[OH-].[K+]>>[K+].O=C1[N-]C(=O)c2ccccc12,80-90%
volume7article4_1_2,"potassium phthalimide, ethylene dibromide","[K+].O=C1[N-]C(=O)c2ccccc12, BrCCBr","150 g (0.81 mole), 450 g (2.4 moles)",β-Bromoethylphthalimide,C1=CC(=C2C(=C1)C(=O)NC2=O)CCBr,140-160 g,"alcohol, carbon disulfide",180-190°,12 hours,[K+].O=C1[N-]C(=O)c2ccccc12.BrCCBr>>C1=CC(=C2C(=C1)C(=O)NC2=O)CCBr,69-79%
volume17article1_1_1,"citric acid monohydrate, concentrated sulfuric acid","O.OC(=O)CC(O)(CC(O)=O)C(O)=O, O[S](O)(=O)=O","210 g (1 mole), 210 g (2 moles)",aconitic acid,OC(=O)C\C(=C/C(O)=O)C(O)=O,71-77 g,water,140-145°C,7 hours,O.OC(=O)CC(O)(CC(O)=O)C(O)=O.O[S](O)(=O)=O>>OC(=O)C\C(=C/C(O)=O)C(O)=O,41-44%
volume17article2_1_1,"potassium phthalimide, γ-chlorobutyronitrile","[K+].O=C1[N-]C(=O)c2ccccc12, ClCCCC#N","100 g (0.54 mole), 52 g (0.5 mole)",γ-phthalimidobutyronitrile,C1(C=2C(C(N1CCCC#N)=O)=CC=CC2)=O,,,150-180°C,1.5 hours,[K+].O=C1[N-]C(=O)c2ccccc12.ClCCCC#N>>C1(C=2C(C(N1CCCC#N)=O)=CC=CC2)=O,
volume17article2_1_2,"γ-phthalimidobutyronitrile, sulfuric acid, distilled water","C1(C=2C(C(N1CCCC#N)=O)=CC=CC2)=O, O[S](O)(=O)=O, [Na+].[Na+].[O-][Cr](=O)(=O)O[Cr]([O-])(=O)=O",,γ-aminobutyric acid,NCCCC(O)=O,24-32 g,sulfuric acid,reflux,3 hours,C1(C=2C(C(N1CCCC#N)=O)=CC=CC2)=O.O[S](O)(=O)=O.[Na+].[Na+].[O-][Cr](=O)(=O)O[Cr]([O-])(=O)=O>>NCCCC(O)=O,47-62%
volume17article3_1_1,"2-ketohexamethylenimine, concentrated hydrochloric acid","O=C1CCCCCN1, [H+].[Cl-]","50 g (0.44 mole), 45 cc",ε-aminocaproic acid,NCCCCCC(O)=O,52.5-53.5 g,water,Boiling,1 hour,O=C1CCCCCN1.[H+].[Cl-]>>NCCCCCC(O)=O,90-92%
volume17article4_1_1,"nitroso-β-naphthol, sodium hydroxide, sodium hydrosulfite, hydrochloric acid","Oc1ccc2ccccc2c1N=O, [OH-].[Na+], [Na+].[Na+].[O-][S](=O)[S]([O-])=O, [H+].[Cl-]","240 g (1.39 moles), 1.5 l, 600 g, 500 cc","1,2-aminonaphthol hydrochloride",C1=CC=C2C(=C1)C=CC(=C2O)N.Cl,180-200 g,water,"35°C, 60-65°C, 85-90°C","30 min, 1 hour, 1 hour",Oc1ccc2ccccc2c1N=O.[OH-].[Na+].[Na+].[Na+].[O-][S](=O)[S]([O-])=O.[H+].[Cl-]>>C1=CC=C2C(=C1)C=CC(=C2O)N.Cl,66-74%
volume17article4_2_1,"sulfanilic acid dihydrate, sodium carbonate, sodium nitrite, concentrated hydrochloric acid, ice, β-naphthol, sodium hydroxide, Orange II, technical sodium hydrosulfite, stannous chloride dihydrate","C1=CC(=CC=C1[NH3+])S(=O)(=O)[O-].O.O, [Na+].[Na+].[O-]C([O-])=O, [Na+].[O-]N=O, [H+].[Cl-], CCO, Oc1ccc2ccccc2c1, [OH-].[Na+], C1=CC=C2C(=C1)C=CC(=C2N=NC3=CC=C(C=C3)S(=O)(=O)[O-])O.[Na+], [Na+].[Na+].[O-][S](=O)[S]([O-])=O, O.O.[Cl-].[Cl-].[Sn++]","105 g (0.5 mole), 26.5 g (0.25 mole), 37 g (0.54 mole), 106 cc (1.25 moles), 72 g (0.5 mole), 110 g (2.75 moles), N/A, N/A, 230 g (about 1.1 moles), 2 g, 53 cc (0.63 mole)","1,2-Aminonaphthol Hydrochloride",C1=CC=C2C(=C1)C=CC(=C2O)N.Cl,70-83 g,water,"15°, 5°, 45-50°, 30°, 0°","15-25 minutes, 1 hour, N/A, N/A, N/A",C1=CC(=CC=C1[NH3+])S(=O)(=O)[O-].O.O.[Na+].[Na+].[O-]C([O-])=O.[Na+].[O-]N=O.[H+].[Cl-].CCO.Oc1ccc2ccccc2c1.[OH-].[Na+].C1=CC=C2C(=C1)C=CC(=C2N=NC3=CC=C(C=C3)S(=O)(=O)[O-])O.[Na+].[Na+].[Na+].[O-][S](=O)[S]([O-])=O.O.O.[Cl-].[Cl-].[Sn++]>>C1=CC=C2C(=C1)C=CC(=C2O)N.Cl,72-85%
volume17article5_1_1,"sulfanilic acid dihydrate, α-naphthol, sodium hydroxide, technical sodium hydrosulfite, stannous chloride dihydrate, hydrochloric acid","C1=CC(=CC=C1[NH3+])S(=O)(=O)[O-].O.O, Oc1cccc2ccccc12, [OH-].[Na+], [Na+].[Na+].[O-][S](=O)[S]([O-])=O, O.O.[Cl-].[Cl-].[Sn++], [H+].[Cl-]","105 g (0.5 mole), 72 g (0.5 mole), 110 g (2.75 moles), 230 g (1.1 moles), 2 g, 2 g","1,4-aminonaphthol hydrochloride",C1=CC=C2C(=C1)C(=CC=C2O)N.Cl,70-73 g,water,"25°C, 45-50°C, 70°C, 30°C, boiling","1 hour, N/A, N/A, N/A, 5-10 minutes",C1=CC(=CC=C1[NH3+])S(=O)(=O)[O-].O.O.Oc1cccc2ccccc12.[OH-].[Na+].[Na+].[Na+].[O-][S](=O)[S]([O-])=O.O.O.[Cl-].[Cl-].[Sn++].[H+].[Cl-]>>C1=CC=C2C(=C1)C(=CC=C2O)N.Cl,72-75%
volume27article1_1_1,"β-aminopropionitrile, barium hydroxide octahydrate","NCCC#N, O.O.O.O.O.O.O.O.[OH-].[OH-].[Ba+2]","70.1 g (1.00 mole), 185 g (0.55 mole)",β-alanine,NCCC(O)=O,75-80 g,water,90-95°C,40 minutes + 20 minutes,NCCC#N.O.O.O.O.O.O.O.O.[OH-].[OH-].[Ba+2]>>NCCC(O)=O,85-90%
volume27article2_1_1,"acrylonitrile, concentrated ammonium hydroxide","C=CC#N, [NH4+].[OH-]","100 ml (80 g, 1.5 moles), 400 ml","β-aminopropionitrile, bis-(β-cyanoethyl)-amine","NCCC#N, N#CCCNCCC#N","130-140 g, 210 g",,,a few hours to overnight,C=CC#N.[NH4+].[OH-]>>NCCC#N.N#CCCNCCC#N,"31-33%, 57%"
volume27article3_1_1,"Benzalacetone, bromine","CC(=O)\C=C\c1ccccc1, [Br-]","100 g (0.68 mole), 109.5 g (34.2 ml, 0.68 mole)",Benzalacetone dibromide,CC(=O)C(Br)C(Br)c1ccccc1,110-120 g,carbon tetrachloride,10-20°C,4-5 minutes,CC(=O)\C=C\c1ccccc1.[Br-]>>CC(=O)C(Br)C(Br)c1ccccc1,52-57%
volume27article4_1_1,"Magnesium, allyl chloride, hydrochloric acid","[Mg++], ClCC=C, [H+].[Cl-]","82 g (3.5 gram atoms), 459 g (6 moles), N/A",Biallyl,C=CCCC=C,135-160 g,Ether,Room temperature,5 hours,[Mg++].ClCC=C.[H+].[Cl-]>>C=CCCC=C,55-65%
volume27article5_1_1,"benzalacetone dibromide, anhydrous sodium acetate, 95% ethanol","CC(=O)C(Br)C(Br)c1ccccc1, [OH-].[Na+], CCO","100 g (0.33 mole), 30 g (0.37 mole), 250 ml",α-Bromobenzalacetone,BrC(C1=CC=CC=C1)=CC(C)=O,47-54 g,95% ethanol,Reflux,4 hours,CC(=O)C(Br)C(Br)c1ccccc1.[OH-].[Na+].CCO>>BrC(C1=CC=CC=C1)=CC(C)=O,64-73%
volume37article1_1_1,"Sodium hydroxide, chlorine gas","[OH-].[Na+], ClCl","50 g (1.25 moles), 41 g (0.58 mole)",Sodium hypochlorite solution,[Na+].[O-]Cl,,water,0°C,,[OH-].[Na+].ClCl>>[Na+].[O-]Cl,
volume37article1_2_1,"o-Nitroaniline, potassium hydroxide, sodium hypochlorite","Nc1ccccc1[N+]([O-])=O, [OH-].[K+], [Na+].[O-]Cl","40 g (0.29 mole), 21 g (0.32 mole), N/A",Benzofurazan oxide,[O-][n+]1onc2ccccc12,31.6-32.5 g,95% ethanol,0°C,10 minutes,Nc1ccccc1[N+]([O-])=O.[OH-].[K+].[Na+].[O-]Cl>>[O-][n+]1onc2ccccc12,80-82%
volume37article1_3_1,"o-nitroaniline, sodium nitrite, sodium azide","Nc1ccccc1[N+]([O-])=O, [Na+].[O-]N=O, [Na+].[N-]=[N+]=[N-]","28 g (0.2 mole), 14.5 g, 13 g (0.2 mole)",o-Nitrophenylazide,[O-][N+](=O)c1ccccc1N=[N+]=[N-],31-32 g,"water, ethanol","0-5°C, 50-55°C","1 hour, N/A",Nc1ccccc1[N+]([O-])=O.[Na+].[O-]N=O.[Na+].[N-]=[N+]=[N-]>>[O-][N+](=O)c1ccccc1N=[N+]=[N-],"94-97%, 63-69%"
volume37article1_3_2,o-Nitrophenylazide,[O-][N+](=O)c1ccccc1N=[N+]=[N-],16.4 g (0.1 mole),Benzofurazan oxide,[O-][n+]1onc2ccccc12,10.5-11.5 g,toluene,Steam cone,3 hours,[O-][N+](=O)c1ccccc1N=[N+]=[N-]>>[O-][n+]1onc2ccccc12,77-85%
volume37article2_1_1,"ethyl benzoylacetate, aniline","CCOC(=O)CC(=O)c1ccccc1, Nc1ccccc1","105.7 g (0.55 mole), 46.6 g (0.5 mole)",benzoylacetanilide,CC(=O)Nc1ccccc1C(=O)c2ccccc2,99-100 g,"xylene, petroleum ether",135°C,15 minutes,CCOC(=O)CC(=O)c1ccccc1.Nc1ccccc1>>CC(=O)Nc1ccccc1C(=O)c2ccccc2,83-84%
volume37article3_1_1,"nicotinic acid, thionyl chloride, anhydrous benzene, anhydrous aluminum chloride","OC(=O)c1cccnc1, Cl[S](Cl)=O, c1ccccc1, [Al+3].[Cl-].[Cl-].[Cl-].C[N+]([O-])=O","123 g (1 mole), 500 ml (6.9 moles), 200 ml, 330 g (2.5 moles)",3-benzoylpyridine,O=C(c1ccccc1)c2ccncc2,165-175 g,anhydrous benzene,"5-10°C, reflux","1 hour, 6 hours",OC(=O)c1cccnc1.Cl[S](Cl)=O.c1ccccc1.[Al+3].[Cl-].[Cl-].[Cl-].C[N+]([O-])=O>>O=C(c1ccccc1)c2ccncc2,90-96%
volume37article4_1_1,"2-methylcyclohexanone, sulfuryl chloride","CC1CCCCC1=O, Cl[S](Cl)(=O)=O","224 g (2.0 moles), 179 ml (297 g, 2.2 moles)",2-chloro-2-methylcyclohexanone,CC1(Cl)CCCCC1=O,243-248 g,carbon tetrachloride,room temperature,2 hours,CC1CCCCC1=O.Cl[S](Cl)(=O)=O>>CC1(Cl)CCCCC1=O,83-85%
volume37article4_2_1,"2-chloro-2-methylcyclohexanone, 2,4,6-collidine","CC1(Cl)CCCCC1=O, Cc1cc(C)nc(C)c1","N/A, 290 ml (266 g, 2.2 moles)",2-methyl-2-cyclohexenone,CC1=CCCCC1=O,100-109 g,benzene,145-150°C,1 minute,CC1(Cl)CCCCC1=O.Cc1cc(C)nc(C)c1>>CC1=CCCCC1=O,45-49%
volume37article4_2_2,"2-chloro-2-methylcyclohexanone, lithium chloride, dimethylformamide","CC1(Cl)CCCCC1=O, [Li+].[Cl-], CN(C)C=O","N/A, 26 g, 250 ml",2-methyl-2-cyclohexenone,CC1=CCCCC1=O,47-50 g,dimethylformamide,100°C,4 hours,CC1(Cl)CCCCC1=O.[Li+].[Cl-].CN(C)C=O>>CC1=CCCCC1=O,43-45%
volume37article5_1_1,"nicotinamide-1-oxide, phosphorus pentachloride, phosphorus oxychloride","NC(=O)C1=C[NH++]([O-])C=C[CH-]1, Cl[P](Cl)(Cl)(Cl)Cl, ClP=O","85.0 g (0.62 mole), 180.0 g (0.86 mole), 243 mL",2-chloronicotinonitrile,Clc1ncccc1C#N,30-33 g,,"60-70°C to 100°C, 115-120°C",1.5 hours,NC(=O)C1=C[NH++]([O-])C=C[CH-]1.Cl[P](Cl)(Cl)(Cl)Cl.ClP=O>>Clc1ncccc1C#N,35-39%
volume47article1_1_1,"mesitylene, titanium tetrachloride, dichloromethyl methyl ether","Cc1cc(C)cc(C)c1, [Cl-].[Cl-].[Cl-].[Cl-].[Ti+4], COC(Cl)Cl","72 g (0.60 mole), 190 g (1.0 mole), 57.5 g (0.5 mole)",mesitaldehyde,O=Cc1ccccc1,60-66 g,methylene chloride,"ice bath, 35°C","3 min, 30 min, 15 min",Cc1cc(C)cc(C)c1.[Cl-].[Cl-].[Cl-].[Cl-].[Ti+4].COC(Cl)Cl>>O=Cc1ccccc1,81-89%
volume47article2_2_1,"2-Nitrobenzenesulfinic acid, NaOH, palladium oxide","C1=CC=C(C(=C1)[N+](=O)[O-])S(=O)O, [OH-].[Na+], O=[Pd]","3.74 g (0.020 mole), about 20 ml 1N, 0.2-1.0 g",Sodium 2-aminobenzenesulfinate,[Na].Nc1ccccc1[S](O)=O,3.05-3.20 g,water,45°C,2-6 hours,C1=CC=C(C(=C1)[N+](=O)[O-])S(=O)O.[OH-].[Na+].O=[Pd]>>[Na].Nc1ccccc1[S](O)=O,85-89%
volume47article2_3_1,"sodium 2-aminobenzenesulfinate, sodium nitrite, sulfuric acid, glycerol","[Na].Nc1ccccc1[S](O)=O, [Na+].[O-]N=O, O[S](O)(=O)=O, OCC(O)CO","1.43 g (0.0080 mole), 0.55 g (0.0080 mole), 16 ml 2N, 22 ml","1,2,3-Benzothiadiazole 1,1-dioxide",C1=CC=C2C(=C1)N=NS2(=O)=O,0.77-1.04 g,"water, ether",-15°C,2 hours,[Na].Nc1ccccc1[S](O)=O.[Na+].[O-]N=O.O[S](O)(=O)=O.OCC(O)CO>>C1=CC=C2C(=C1)N=NS2(=O)=O,57-77%
volume47article3_1_1,"cis,cis-1,5-cyclooctadiene, chloroform, benzoyl peroxide","C1/C=C\CC/C=C\C1, ClC(Cl)Cl, O=C(OOC(=O)c1ccccc1)c2ccccc2","325 g (3.0 moles), 3 l, 14.6 g (0.06 mole)",2-(trichloromethyl)bicyclo[3.3.0]octane,ClC(Cl)(Cl)C1CCC2CCCC12,106-117 g,chloroform,63-65°C,5 days,C1/C=C\CC/C=C\C1.ClC(Cl)Cl.O=C(OOC(=O)c1ccccc1)c2ccccc2>>ClC(Cl)(Cl)C1CCC2CCCC12,35%
volume47article3_2_1,"2-(trichloromethyl)bicyclo[3.3.0]octane, 85% phosphoric acid","ClC(Cl)(Cl)C1CCC2CCCC12, O[P](O)(O)=O","100 g (0.440 mole), 500 ml",exo-cis-bicyclo[3.3.0]octane-2-carboxylic acid,C1C[C@H]2CC[C@@H]([C@H]2C1)C(=O)O,29-32 g,,150°C,16 hours,ClC(Cl)(Cl)C1CCC2CCCC12.O[P](O)(O)=O>>C1C[C@H]2CC[C@@H]([C@H]2C1)C(=O)O,43-47%
volume47article4_1_1,"N,N'-diphenylethylenediamine, triethyl orthoformate","C(CNc1ccccc1)Nc2ccccc2, CCOC(OCC)OCC","20 g (0.094 mole), 100 ml","bis(1,3-diphenylimidazolidinylidene-2)",,19-20 g,,190-200°C,5 hours,C(CNc1ccccc1)Nc2ccccc2.CCOC(OCC)OCC>>,91-95%
volume47article5_1_1,"4-t-butylcyclohexanone, aluminum chloride, lithium aluminum hydride, t-butanol","CC(C)(C)C1CCC(=O)CC1, [Al+3].[Cl-].[Cl-].[Cl-].C[N+]([O-])=O, [Li+].[AlH4-], CC(C)(C)O","77.2 g (0.5 mole), 67 g (0.5 mole), 5.5 g, 10 ml",trans-4-t-Butylcyclohexanol,CC(C)(C)C1CCC(O)CC1,57-61 g,ether,Reflux,4 hours,CC(C)(C)C1CCC(=O)CC1.[Al+3].[Cl-].[Cl-].[Cl-].C[N+]([O-])=O.[Li+].[AlH4-].CC(C)(C)O>>CC(C)(C)C1CCC(O)CC1,73-78%
volume57article1_2_1,"1,2-bis(trimethylsilyloxy)cyclobutene, methanol","C[Si](C)(C)OC1=C(CC1)O[Si](C)(C)C, CO","23 g (0.10 mole), 450 ml",2-hydroxycyclobutanone,C1CC(=O)C1O,6.1-7.4 g,methanol,,24-30 hours,C[Si](C)(C)OC1=C(CC1)O[Si](C)(C)C.CO>>C1CC(=O)C1O,71-86%
volume57article2_1_1,"adamantanone, p-tolylsulfonylmethyl isocyanide, ethanol, potassium tert-butoxide","O=C1C2CC3CC(C2)CC1C3, Cc1ccc(cc1)[S](=O)(=O)C[N+]#[C-], CCO, [K+].CC(C)(C)[O-]","15.0 g (0.100 mole), 25.4 g (0.130 mole), 10 ml (0.17 mole), 28 g (0.25 mole)",2-adamantanecarbonitrile,C1C2CC3CC1CC(C2)C3C#N,13.5-14.5 g,"1,2-dimethoxyethane","5-10°C, 35-40°C","30 minutes, 30 minutes",O=C1C2CC3CC(C2)CC1C3.Cc1ccc(cc1)[S](=O)(=O)C[N+]#[C-].CCO.[K+].CC(C)(C)[O-]>>C1C2CC3CC1CC(C2)C3C#N,84-90%
volume57article3_1_1,"cyclohexene, rhodium(III) oxide, carbon monoxide, hydrogen","C1CCC=CC1, [O--].[O--].[O--].[Rh+3].[Rh+3], [C-]#[O+], [H]","82 g (1.0 mole), 0.2 g (0.8 mmole), N/A, N/A",cyclohexanecarboxaldehyde,O=CC1CCCCC1,92-94 g,benzene,100°C,2 hours,C1CCC=CC1.[O--].[O--].[O--].[Rh+3].[Rh+3].[C-]#[O+].[H]>>O=CC1CCCCC1,82-84%
volume57article5_1_1,"tellurium tetrachloride, anisole","Cl[Te](Cl)(Cl)Cl, COc1ccccc1","27.0 g (0.100 mole), 64.8 g (0.600 mole)",Bis(4-methoxyphenyl)tellurium dichloride,COC1=CC=C(C=C1)[Te](C1=CC=C(C=C1)OC)(Cl)Cl,35.5-38.5 g,acetonitrile,160°C,6 hours,Cl[Te](Cl)(Cl)Cl.COc1ccccc1>>COC1=CC=C(C=C1)[Te](C1=CC=C(C=C1)OC)(Cl)Cl,84-90%
volume57article5_2_1,"Raney nickel, bis(4-methoxyphenyl)tellurium dichloride","[Ni], COC1=CC=C(C=C1)[Te](C1=CC=C(C=C1)OC)(Cl)Cl","60 g, 20.6 g (0.0497 mole)","4,4'-Dimethoxy-1,1'-biphenyl",COc1ccc(cc1)c2ccc(OC)cc2,8.5-9.8 g,"benzene, bis(2-methoxyethyl) ether",200°C (2 mm.),"2 hours (degaussing), 8 hours (reflux)",[Ni].COC1=CC=C(C=C1)[Te](C1=CC=C(C=C1)OC)(Cl)Cl>>COc1ccc(cc1)c2ccc(OC)cc2,78-90%
volume67article1_1_2,"racemic binaphthylphosphoric (BNP) acid, (+)-cinchonine, methanol, water","C=C[C@H]1CN2CC[C@H]1C[C@@H]2[C@H](C3=CC=NC4=CC=CC=C34)O, CO, CCO","95.2 g (0.27 mol), 80.4 g (0.27 mol), 985 mL, 420 mL",(S)-(+)- and (R)-(−)-BNP acid salt,,76.6 g,methanol,65-70°C,,C=C[C@H]1CN2CC[C@H]1C[C@@H]2[C@H](C3=CC=NC4=CC=CC=C34)O.CO.CCO>>,
volume67article1_1_3,"(S)-(+)-BNP acid salt, ethanol, 6 N hydrochloric acid","[Na+].[Cl-], CCO, [H+].[Cl-]","76.6 g, 500 mL, 570 mL",(S)-(+)-BNP acid,C1=CC=C2C(=C1)C=CC3=C2C4=C(C=CC5=CC=CC=C54)OP(=O)(O3)O,26.7 g,ethanol,75-80°C,,[Na+].[Cl-].CCO.[H+].[Cl-]>>C1=CC=C2C(=C1)C=CC3=C2C4=C(C=CC5=CC=CC=C54)OP(=O)(O3)O,56%
volume67article3_1_1,"2,2'-Dibromo-1,1'-binaphthyl",C1=CC=C2C(=C1)C=CC(=C2C3=C(C=CC4=CC=CC=C43)Br)Br,"240 g (0.915 mol) of triphenylphosphine, 155 g (50 mL, 0.969 mol) of bromine, 120 g (0.420 mol) of 2,2'-dihydroxy-1,1'-binaphthyl","2,2'-Dibromo-1,1'-binaphthyl",C1=CC=C2C(=C1)C=CC(=C2C3=C(C=CC4=CC=CC=C43)Br)Br,90 g,acetonitrile,"60°C for 30 min, 240-260°C, 310-320°C",,C1=CC=C2C(=C1)C=CC(=C2C3=C(C=CC4=CC=CC=C43)Br)Br>>C1=CC=C2C(=C1)C=CC(=C2C3=C(C=CC4=CC=CC=C43)Br)Br,45%
volume67article3_1_2,"(±)-2,2'-Bis(diphenylphosphinyl)-1,1'-binaphthyl [(±)-BINAPO]",C1=CC=C(C=C1)P(C2=CC=CC=C2)C3=CC4=CC=CC=C4C(=C3P(C5=CC=CC=C5)C6=CC=CC=C6)C7=CC=CC8=CC=CC=C87,"2.84 g (0.117 g-atom) of magnesium turnings, 20.0 g (50.0 mmol) of 2,2'-dibromo-1,1'-binaphthyl, 28.4 g (120 mmol) of diphenylphosphinyl chloride","(±)-2,2'-Bis(diphenylphosphinyl)-1,1'-binaphthyl [(±)-BINAPO]",C1=CC=C(C=C1)P(C2=CC=CC=C2)C3=CC4=CC=CC=C4C(=C3P(C5=CC=CC=C5)C6=CC=CC=C6)C7=CC=CC8=CC=CC=C87,24.5 g,"tetrahydrofuran, toluene","50-70°C, 75°C, 10°C, 60°C",,C1=CC=C(C=C1)P(C2=CC=CC=C2)C3=CC4=CC=CC=C4C(=C3P(C5=CC=CC=C5)C6=CC=CC=C6)C7=CC=CC8=CC=CC=C87>>C1=CC=C(C=C1)P(C2=CC=CC=C2)C3=CC4=CC=CC=C4C(=C3P(C5=CC=CC=C5)C6=CC=CC=C6)C7=CC=CC8=CC=CC=C87,75%
volume67article3_1_3,(S)-BINAPO,C1=CC=C(C=C1)P(C2=CC=CC=C2)OC3=C(C4=CC=CC=C4C=C3)C5=C(C=CC6=CC=CC=C65)OP(C7=CC=CC=C7)C8=CC=CC=C8,"10.5 g (16.0 mmol) of racemic BINAPO, 6.0 g (16.0 mmol) of (−)-2,3-O-dibenzoyl-L-tartaric acid monohydrate [(−)-DBT monohydrate]",(S)-BINAPO,C1=CC=C(C=C1)P(C2=CC=CC=C2)OC3=C(C4=CC=CC=C4C=C3)C5=C(C=CC6=CC=CC=C65)OP(C7=CC=CC=C7)C8=CC=CC=C8,4.6 g,"chloroform, ethyl acetate",reflux,overnight,C1=CC=C(C=C1)P(C2=CC=CC=C2)OC3=C(C4=CC=CC=C4C=C3)C5=C(C=CC6=CC=CC=C65)OP(C7=CC=CC=C7)C8=CC=CC=C8>>C1=CC=C(C=C1)P(C2=CC=CC=C2)OC3=C(C4=CC=CC=C4C=C3)C5=C(C=CC6=CC=CC=C65)OP(C7=CC=CC=C7)C8=CC=CC=C8,89%
volume67article3_1_4,(R)-BINAPO,,"9.0 g of solid material ((R)-BINAPO and (−)-DBT), 3.4 g (9.0 mmol) of (+)-DBT monohydrate",(R)-BINAPO,,4.65 g,"chloroform, ethyl acetate",reflux,overnight,>>,92%
volume67article3_1_5,(S)-BINAP,C1=CC=C(C=C1)P(C2=CC=CC=C2)C3=C(C4=CC=CC=C4C=C3)C5=C(C=CC6=CC=CC=C65)P(C7=CC=CC=C7)C8=CC=CC=C8,"4.5 g (6.9 mmol) of (S)-BINAPO, 4.2 mL of triethylamine (3.1 g, 30 mmol), 3.0 mL (4.0 g, 29 mmol) of trichlorosilane",(S)-BINAP,C1=CC=C(C=C1)P(C2=CC=CC=C2)C3=C(C4=CC=CC=C4C=C3)C5=C(C=CC6=CC=CC=C65)P(C7=CC=CC=C7)C8=CC=CC=C8,4.2 g,xylene,"100°C, 120°C, reflux",8 hours,C1=CC=C(C=C1)P(C2=CC=CC=C2)C3=C(C4=CC=CC=C4C=C3)C5=C(C=CC6=CC=CC=C65)P(C7=CC=CC=C7)C8=CC=CC=C8>>C1=CC=C(C=C1)P(C2=CC=CC=C2)C3=C(C4=CC=CC=C4C=C3)C5=C(C=CC6=CC=CC=C65)P(C7=CC=CC=C7)C8=CC=CC=C8,97%
volume67article5_1_1,"myrcene, diethylamine, metallic lithium","CC(=CCCC(=C)C=C)C, CCNCC, [Li]","13.60 g (74 mmol), 10.29 g (141 mmol), 0.185 g (0.0267 g-atom)","N,N-diethylgeranylamine",CCN(CC)C\C=C(C)\CCC=C(C)C,12.66-13.28 g,,55°C,5 hr,CC(=CCCC(=C)C=C)C.CCNCC.[Li]>>CCN(CC)C\C=C(C)\CCC=C(C)C,74-77%
volume77article1_1_1,"aluminum chloride, nitrobenzene, 1,2-dichloroethane, 2,4-pentanedione, chloroacetyl chloride","[Al+3].[Cl-].[Cl-].[Cl-].C[N+]([O-])=O, [O-][N+](=O)c1ccccc1, C(C(=O)CCl)C(=O)CCl, CC(=O)CC(C)=O, OC(=O)CCl","65.0 g (0.487 mol), 82 mL, 96 mL, 50.0 mL (0.487 mol), 85.0 mL (1.07 mol)","Bis(1,5-dichloro-2,4-pentanedione)copper(II) complex",C(C(=CC(=O)CCl)[O-])Cl.C(C(=CC(=O)CCl)[O-])Cl.[Cu+2],55.6-56.4 g,"nitrobenzene, 1,2-dichloroethane",60°C,"2 hr distillation, 17 hr stirring, 3 hr stirring",[Al+3].[Cl-].[Cl-].[Cl-].C[N+]([O-])=O.[O-][N+](=O)c1ccccc1.C(C(=O)CCl)C(=O)CCl.CC(=O)CC(C)=O.OC(=O)CCl>>C(C(=CC(=O)CCl)[O-])Cl.C(C(=CC(=O)CCl)[O-])Cl.[Cu+2],57-58%
volume77article1_2_1,"bis(1,5-dichloro-2,4-pentanedione)copper(II) complex, diethyl ether, 10% sulfuric acid","C(C(=CC(=O)CCl)[O-])Cl.C(C(=CC(=O)CCl)[O-])Cl.[Cu+2], CCOCC, O[S](O)(=O)=O","22.0 g (55.1 mmol), 200 mL, 200 mL",crude dione,[CH2],ca. 20 g,methanol,65°C,12-14 hr,C(C(=CC(=O)CCl)[O-])Cl.C(C(=CC(=O)CCl)[O-])Cl.[Cu+2].CCOCC.O[S](O)(=O)=O>>[CH2],40%
volume77article1_3_1,"(2R,4R)-1,5-dichloro-2,4-pentanediol, KOH","C([C@H](CCl)O)[C@H](CCl)O, CCOCC","6.00 g (34.7 mmol), 18.5 g (330 mmol)","(2R,4R)-1,2:4,5-Diepoxypentane",C1[C@H](O1)C[C@@H]2CO2,3.20 g,diethyl ether,25°C,3 hours,C([C@H](CCl)O)[C@H](CCl)O.CCOCC>>C1[C@H](O1)C[C@@H]2CO2,92%
volume77article2_1_1,"(1R,2S)-(−)-norephedrine, 1,4-dibromobutane, sodium bicarbonate","C[C@@H]([C@H](C1=CC=CC=C1)O)N, BrCCCCBr, [Na+].OC([O-])=O","37.8 g (0.25 mol), 59.38 g (0.275 mol), 46.2 g (0.55 mol)","[R-(R,S)]-β-methyl-α-phenyl-1-pyrrolidineethanol",C[C@@H]([C@@H](C1=CC=CC=C1)O)N2CCCC2,45.9 g,toluene,reflux (105-118°C),until completion,C[C@@H]([C@H](C1=CC=CC=C1)O)N.BrCCCCBr.[Na+].OC([O-])=O>>C[C@@H]([C@@H](C1=CC=CC=C1)O)N2CCCC2,90%
volume77article2_1_2,"[R-(R,S)]-β-methyl-α-phenyl-1-pyrrolidineethanol, HCl in 2-propanol","C[C@@H]([C@@H](C1=CC=CC=C1)O)N2CCCC2, [H+].[Cl-]",,"[R-(R,S)]-β-methyl-α-phenyl-1-pyrrolidineethanol hydrochloride salt",C[C@@H]([C@@H](C1=CC=CC=C1)O)N2CCCC2,,toluene,room temperature,2 hr,C[C@@H]([C@@H](C1=CC=CC=C1)O)N2CCCC2.[H+].[Cl-]>>C[C@@H]([C@@H](C1=CC=CC=C1)O)N2CCCC2,
volume77article2_1_3,"[R-(R,S)]-β-methyl-α-phenyl-1-pyrrolidineethanol hydrochloride salt, heptane, 2 M sodium hydroxide","C[C@@H]([C@@H](C1=CC=CC=C1)O)N2CCCC2, CCCCCCC, [OH-].[Na+]",,"[R-(R,S)]-β-methyl-α-phenyl-1-pyrrolidineethanol",C[C@@H]([C@@H](C1=CC=CC=C1)O)N2CCCC2,45.9 g,heptane,-25°C,1 hr,C[C@@H]([C@@H](C1=CC=CC=C1)O)N2CCCC2.CCCCCCC.[OH-].[Na+]>>C[C@@H]([C@@H](C1=CC=CC=C1)O)N2CCCC2,
volume77article3_1_1,"(1S,2S)-(+)-pseudoephedrine, propionic anhydride","CN[C@@H](C)[C@@H](O)c1ccccc1, CCC(=O)OC(=O)CC","21.3 g (129 mmol), 18.0 g (138 mmol)","(1S,2S)-pseudoephedrinepropionamide",CN[C@@H](C)[C@@H](O)c1ccccc1,27.2 g,"tetrahydrofuran, toluene","23°C, 80°C","15 min, 10 hr",CN[C@@H](C)[C@@H](O)c1ccccc1.CCC(=O)OC(=O)CC>>CN[C@@H](C)[C@@H](O)c1ccccc1,95%
volume77article3_2_1,"anhydrous lithium chloride, diisopropylamine, butyllithium, (1S,2S)-pseudoephedrinepropionamide, benzyl bromide","[Li+].[Cl-], CC(C)NC(C)C, [Li+].CCC[CH2-], CN[C@@H](C)[C@@H](O)c1ccccc1, BrCc1ccccc1","25.0 g (590 mmol), 31.3 mL (223 mmol), 85.1 mL (207 mmol), 22.0 g (99.4 mmol), 17.7 mL (149 mmol)","[(1S,2S)-pseudoephedrine-(R)-2-methylhydrocinnamamide]",CN[C@@H](C)[C@@H](O)c1ccccc1,27.8 g,tetrahydrofuran,-78°C to 23°C,1+15+5+3+10 hours,[Li+].[Cl-].CC(C)NC(C)C.[Li+].CCC[CH2-].CN[C@@H](C)[C@@H](O)c1ccccc1.BrCc1ccccc1>>CN[C@@H](C)[C@@H](O)c1ccccc1,90%
volume77article5_1_1,"(R)-(+)-1,1,2-triphenyl-1,2-ethanediol, acetic anhydride, scandium(III) trifluoromethanesulfonate","C1=CC=C(C=C1)[C@H](C(C2=CC=CC=C2)(C3=CC=CC=C3)O)O, CC(=O)OC(C)=O, C(F)(F)(F)S(=O)(=O)[O-].C(F)(F)(F)S(=O)(=O)[O-].C(F)(F)(F)S(=O)(=O)[O-].[Sc+3]","35.0 g (0.121 mol), 17.1 mL (0.181 mol), 1.23 g (2.5 mmol)","(R)-(+)-2-hydroxy-1,2,2-triphenylethyl acetate",CC(=O)O[C@H](c1ccccc1)C(O)(c2ccccc2)c3ccccc3,35.42 g (0.107 mol),anhydrous acetonitrile,room temperature,3 hours,C1=CC=C(C=C1)[C@H](C(C2=CC=CC=C2)(C3=CC=CC=C3)O)O.CC(=O)OC(C)=O.C(F)(F)(F)S(=O)(=O)[O-].C(F)(F)(F)S(=O)(=O)[O-].C(F)(F)(F)S(=O)(=O)[O-].[Sc+3]>>CC(=O)O[C@H](c1ccccc1)C(O)(c2ccccc2)c3ccccc3,88%
volume87article1_1_1,"Benzaldehyde, pyrrolidine, tert-butyl hydroperoxide","O=Cc1ccccc1, [H+].[Cl-].C1CCNC1, CC(C)(C)OO","5.71 mL (6.0 g, 57 mmol), 5.66 mL (4.82 g, 68 mmol), 12.4 mL (62-74 mmol)",N-benzoyl pyrrolidine,C1CCN(C1)C(=O)C2=CC=CC=C2,8.74 g (49.9 mmol),acetonitrile,70°C,6 hours,O=Cc1ccccc1.[H+].[Cl-].C1CCNC1.CC(C)(C)OO>>C1CCN(C1)C(=O)C2=CC=CC=C2,88%
volume87article2_1_1,"6,7-dimethoxy-1,2,3,4-tetrahydroisoquinoline hydrochloride, tert-butanol, water, toluene, aqueous sodium hypochlorite","[Cl-].COc1cc2CC[NH2+]Cc2cc1OC, CC(C)(C)O, CCO, Cc1ccccc1, [Na+].[O-]Cl","5.16 g (21.8 mmol), 2.11 mL (21.8 mmol), 15 mL, 40 mL, 30.9 mL (25.1 mmol)","2-chloro-6,7-dimethoxy-1,2,3,4-tetrahydroisoquinoline",ClN1CC2=CC(=C(C=C2CC1)OC)OC,4.70-4.83 g,"tert-butanol, toluene, n-heptane",-5 to 0°C,30 min + 15 min + 3 h,[Cl-].COc1cc2CC[NH2+]Cc2cc1OC.CC(C)(C)O.CCO.Cc1ccccc1.[Na+].[O-]Cl>>ClN1CC2=CC(=C(C=C2CC1)OC)OC,95-97%
volume87article3_1_1,Reactants,CN(C)CC=C,Reactant amounts,Products,CCO,Product amounts,Solvents,Reaction temperature,Reaction time,CN(C)CC=C>>CCO,Yield
volume87article3_1_2,-----------,[C],-----------------,----------,[C],-----------------,-----------,----------------------,----------------,[C]>>[C],-------
volume87article3_1_3,"2-thiophenecarboxaldehyde, K2CO3, tosylmethylisocyanide, methanol","O=Cc1sccc1, [K+].[K+].[O-]C([O-])=O, [C-]#[N+]CS(=O)(=O)C1=CC=CC=C1, CO","11.21 g (100.0 mmol), 24.19 g (175.0 mmol), 21.12 g (100.0 mol), 448 mL",5-(Thiophen-2-yl)oxazole,C1=CSC(=C1)C2=CN=CO2,12.70 g (84%),MTBE,66°C,4 hours,O=Cc1sccc1.[K+].[K+].[O-]C([O-])=O.[C-]#[N+]CS(=O)(=O)C1=CC=CC=C1.CO>>C1=CSC(=C1)C2=CN=CO2,84%
volume87article3_1_8,Reactants,CN(C)CC=C,Reactant amounts,Products,CCO,Product amounts,Solvents,Reaction temperature,Reaction time,CN(C)CC=C>>CCO,Yield
volume87article3_1_9,-----------,[C],-----------------,----------,[C],-----------------,-----------,----------------------,----------------,[C]>>[C],-------
volume87article3_1_10,...,CC(C)(C)O,...,...,CC(C)(C)O,...,...,...,...,CC(C)(C)O>>CC(C)(C)O,...
volume87article3_1_11,"2-thiophenecarboxaldehyde, K2CO3, tosylmethylisocyanide, methanol","O=Cc1sccc1, [K+].[K+].[O-]C([O-])=O, [C-]#[N+]CS(=O)(=O)C1=CC=CC=C1, CO","11.21 g (100.0 mmol), 24.19 g (175.0 mmol), 21.12 g (100.0 mol), 448 mL",5-(Thiophen-2-yl)oxazole,C1=CSC(=C1)C2=CN=CO2,12.70 g (84%),MTBE,66°C,4 hours,O=Cc1sccc1.[K+].[K+].[O-]C([O-])=O.[C-]#[N+]CS(=O)(=O)C1=CC=CC=C1.CO>>C1=CSC(=C1)C2=CN=CO2,84%
volume87article3_2_1,"5-(thiophen-2-yl)oxazole, N-bromosuccinimide","C1=CSC(=C1)C2=CN=CO2, BrN1C(=O)CCC1=O","9.14 g (60.5 mmol), 10.76 g (60.45 mmol)",4-bromo-5-(thiophen-2-yl)oxazole,C1=CSC(=C1)C2=C(N=CO2)Br,11.01 g,DMF,"-15 to -10°C, -78°C","30 min, 30 min",C1=CSC(=C1)C2=CN=CO2.BrN1C(=O)CCC1=O>>C1=CSC(=C1)C2=C(N=CO2)Br,79%
volume87article4_1_1,"L-Valine methyl ester hydrochloride, phenylmagnesium chloride","[H+].[Cl-], [Cl]|[Sn](|[Cl])(|[Cl])|[Cl]","19.2 g (114 mmol), 300 g (288 mL, 0.576 mol)","(2S)-2-Amino-3-methyl-1,1-diphenyl-butan-1-ol",CC(C)[C@@H](C(C1=CC=CC=C1)(C2=CC=CC=C2)O)N,18.1 g,THF,-2 to 5°C,3 hours,[H+].[Cl-].[Cl]|[Sn](|[Cl])(|[Cl])|[Cl]>>CC(C)[C@@H](C(C1=CC=CC=C1)(C2=CC=CC=C2)O)N,62%
volume87article4_2_1,"(2S)-2-amino-3-methyl-1,1-diphenylbutanol, triisopropyl borate, ethylene glycol","CC(C)[C@@H](C(C1=CC=CC=C1)(C2=CC=CC=C2)O)N, [H+].[Cl-], OCCO","5.20 g (20.4 mmol), 3.88 g (4.7 mL, 20.6 mmol), 1.26 g (20.3 mmol)","(-)-(S)-1-(1,3,2-dioxaborolan-2-yloxy)-3-methyl-1,1-diphenylbutan-2-amine",B1(OCCO1)OC(C2=CC=CC=C2)(C3=CC=CC=C3)[C@H](C(C)C)N,6.56 g,toluene,80°C,20 min,CC(C)[C@@H](C(C1=CC=CC=C1)(C2=CC=CC=C2)O)N.[H+].[Cl-].OCCO>>B1(OCCO1)OC(C2=CC=CC=C2)(C3=CC=CC=C3)[C@H](C(C)C)N,99%
volume87article5_1_1,"3-acetyl pyridine, EtOH, NH2OH•Cl, Na2CO3","CC(=O)c1cccnc1, [Na+].CC[O-], N, [Na+].[Na+].[O-]C([O-])=O","12.1 g (100 mmol), 100 mL, 11.85 g (170 mmol), 7.46 g (70 mmol)",(E)-1-pyridin-3-yl-ethanone oxime,C/C(=N\O)/C1=CN=CC=C1,11.3 g (83%),"EtOH, water","55-62 °C, 70 °C","2.5 h, 3 h",CC(=O)c1cccnc1.[Na+].CC[O-].N.[Na+].[Na+].[O-]C([O-])=O>>C/C(=N\O)/C1=CN=CC=C1,"83%, 10%"
volume87article5_2_1,"(E)-1-pyridin-3-yl-ethanone oxime, sodium hydride, benzyl bromide","C/C(=N\O)/C1=CN=CC=C1, [Na], BrCc1ccccc1","10.95 g (80.5 mmol), 4.59 g (115 mmol), 14.45 g (85 mmol)",(E)-1-pyridin-3-yl-ethanone O-benzyl-oxime,C/C(=N\O)/C1=CN=CC=C1,18.02 g,DMF,-15 to -10 °C,"30 min, 40 min",C/C(=N\O)/C1=CN=CC=C1.[Na].BrCc1ccccc1>>C/C(=N\O)/C1=CN=CC=C1,99%
volume87article5_3_1,"Spiroborate ester 33, (E)-1-pyridin-3-yl-ethanone O-benzyl-oxime (2)","C(C(=O)[O-])C(=O)[O-].[Na+].[Na+], C/C(=N\O)/C1=CN=CC=C1","5.80 g (18 mmol), 13.54 g (60 mmol)",(S)-1-pyridin-3-yl-ethylamine,C[C@H](N)C=1C=NC=CC1,8.03 g,dioxane,"0-5°C, 67-69°C","30 hours, 15 hours",C(C(=O)[O-])C(=O)[O-].[Na+].[Na+].C/C(=N\O)/C1=CN=CC=C1>>C[C@H](N)C=1C=NC=CC1,91%
volume87article5_4_1,"(S)-1-Pyridin-3-yl-ethylamine, hydrochloric acid in ether","C[C@H](N)C=1C=NC=CC1, [H+].[Cl-]","7.49 g (50.9 mmol), 60 mL (120 mmol)",(S)-1-pyridin-3-yl-ethylamine bis-hydrochloride,C[C@@H](C1=CN=CC=C1)N.Cl.Cl,8.90 g,methanol,"ambient temperature, 30°C",2 hours,C[C@H](N)C=1C=NC=CC1.[H+].[Cl-]>>C[C@@H](C1=CN=CC=C1)N.Cl.Cl,89%
volume97article1_1_1,"aryl amines, B2pin2, dibenzoyl peroxide","C(#N)CCN(CCC#N)CCC#N, Nc1ccccc1[N+]([O-])=O, OO","N/A, N/A, N/A",arylboronates,[Rh],moderate to good yields,,room temperature,1-2 hours,C(#N)CCN(CCC#N)CCC#N.Nc1ccccc1[N+]([O-])=O.OO>>[Rh],
volume97article2_1_1,"celecoxib, potassium carbonate, 2-mesityl-2,5,6,7-tetrahydropyrrolo[2,1-c][1,2,4]triazol-4-ium chloride, benzaldehyde, benzyl bromide","C[C@H](CCC=C(C)C)CC=O, [K+].[K+].[O-]C([O-])=O, CC1=CC(=C(C(=C1)C)N2C=[N+]3CCCC3=N2)C.[Cl-], O=Cc1ccccc1, BrCc1ccccc1","7.00 g (18.4 mmol), 5.07 g (36.7 mmol), 97 mg (0.37 mmol), 2.25 mL (22.0 mmol), 3.27 mL (27.5 mmol)",1-(4-(Benzylsulfonyl)phenyl)-5-(p-tolyl)-3-(trifluoromethyl)-1H-pyrazole,Cc1ccc(cc1)c2cc(nn2c3ccc(cc3)[S](N)(=O)=O)C(F)(F)F,7.23 g,anhydrous ethanol,70°C,"16 h, 3 h",C[C@H](CCC=C(C)C)CC=O.[K+].[K+].[O-]C([O-])=O.CC1=CC(=C(C(=C1)C)N2C=[N+]3CCCC3=N2)C.[Cl-].O=Cc1ccccc1.BrCc1ccccc1>>Cc1ccc(cc1)c2cc(nn2c3ccc(cc3)[S](N)(=O)=O)C(F)(F)F,86%
volume97article3_1_1,"pyronin Y, sodium phosphate tribasic dodecahydrate, N-Methyl-2-pyrrolidone, water","c1ccncc1, O.O.O.O.O.O.O.O.O.O.O.O.[Na+].[Na+].[Na+].[O-][P]([O-])([O-])=O, O=C1CCCN1, CCO","7.40 g (24.4 mmol), 18.6 g (48.8 mmol), 150 mL, 5.00 mL (278 mmol)","3,6-Bis(dimethylamino)-9H-xanthen-9-one",,3.65 g (53%),N-Methyl-2-pyrrolidone,110°C,"2 h, 16 h",c1ccncc1.O.O.O.O.O.O.O.O.O.O.O.O.[Na+].[Na+].[Na+].[O-][P]([O-])([O-])=O.O=C1CCCN1.CCO>>,53%
volume97article4_1_1,"Polyethylene glycol 4000, sulfuric acid, cellulose powder","OCCO, O[S](O)(=O)=O, C(C1[C@H](C(C(C(O1)O)O)O)O[C@H]2C(C(C(C(O2)CO)O)O)O)O","200 g, 2.50 g (25.5 mmol), 50 g (308 mmol)",(-)-Levoglucosenone,O=C1C=C[C@H]2CO[C@@H]1O2,13.9 g,"methanol, ethyl acetate",170-190°C,30 min,OCCO.O[S](O)(=O)=O.C(C1[C@H](C(C(C(O1)O)O)O)O[C@H]2C(C(C(C(O2)CO)O)O)O)O>>O=C1C=C[C@H]2CO[C@@H]1O2,18%
volume97article5_1_1,"tert-butyl-N-hydroxycarbamate, triethylamine, diphenylphosphinic chloride","CC(C)(C)OC(=O)NO, CCN(CC)CC, Cl[P](=O)(c1ccccc1)c2ccccc2","30.9 g (232 mmol), 37 mL (264 mmol), 40.4 mL (211 mmol)",tert-butyl (diphenylphosphoryl)oxycarbamate,CC(C)(C)OC(=O)NO,67.0 g (201 mmol),dichloromethane,-5 to -15°C,15 min + 30 min + 15 min + 12 h,CC(C)(C)OC(=O)NO.CCN(CC)CC.Cl[P](=O)(c1ccccc1)c2ccccc2>>CC(C)(C)OC(=O)NO,95%
volume97article5_2_1,"tert-butyl-(diphenylphosphoryl) oxycarbamate, methanesulfonic acid, diisopropylethylamine","CC(C)(C)OC(=O)NO, C[S](O)(=O)=O, CCN(C(C)C)C(C)C","10.0 g (30.0 mmoles), 5.85 mL (8.65 g, 90.0 mmoles), 10.5 mL (60.0 mmoles)",O-(Diphenylphosphinyl)hydroxylamine,[H+].[Cl-].NOCc1ccccc1,5.32 g (22.8 mmol),dichloromethane,-5°C to 15°C,"2 hours, 1 hour",CC(C)(C)OC(=O)NO.C[S](O)(=O)=O.CCN(C(C)C)C(C)C>>[H+].[Cl-].NOCc1ccccc1,76%
