Index,Reactants,Reactant amounts,Products,Product amounts,Solvents,Reaction temperature,Reaction time,Yield
volume55article9_1_1,"2,5-di-tert-butyl-1,4-benzoquinone",110 g (0.500 mole),"2,5-di-tert-butyl-5,6-dichloro-2-cyclohexene-1,4-dione",112 g,glacial acetic acid,60°C,35-40 minutes,77%
volume55article9_2_1,"2,5-di-tert-butyl-5,6-dichloro-2-cyclohexene-1,4-dione, diethylamine","112 g (0.385 mole), 28.4 g (0.383 mole)","3-chloro-2,5-di-tert-butyl-1,4-benzoquinone",96-97 g,diethyl ether,N/A,Instantaneous,98-99%
volume55article9_3_1,"crude 3-chloro-2,5-di-tert-butyl-1,4-benzoquinone",96.6 g (0.379 mole),"2,5-di-tert-butyl-3,5,6-trichloro-2-cyclohexene-1,4-dione",116-117 g,glacial acetic acid,N/A,4-5 hours,94%
volume55article9_4_1,"2,5-di-tert-butyl-3,5,6-trichloro-2-cyclohexene-1,4-dione, diethylamine","116.6 g (0.3582 mole), 26.2 g (0.359 mole)","2,5-di-tert-butyl-3,6-dichloro-1,4-benzoquinone",62-70 g,ether,N/A,Instantaneous,60-67%
volume55article9_5_1,"2,5-di-tert-butyl-3,6-dichloro-1,4-benzoquinone, sodium azide","10 g (0.035 mole), 5 g (0.08 mole)","3,6-diazido-2,5-di-tert-butyl-1,4-benzoquinone",8.3-8.8 g,methanol,"5-15°C, -5 to -10°C",4 hours,80-85%
volume55article9_6_1,"3,6-diazido-2,5-di-tert-butyl-1,4-benzoquinone",1 g (0.003 mole),tert-Butylcyanoketene,At least 95% yield,anhydrous benzene,Reflux,Approximately 90 minutes,At least 95%
volume55article15_1_1,"(E)-4-hexen-1-ol, p-toluenesulfonyl chloride, sodium hydride, ethyl cyanoacetate","38.4 g (0.384 mole), 91.5 g (0.478 mole), 19.2 g (0.40 mole), 68 g (0.60 mole)",Ethyl (E)-2-cyano-6-octenoate,34.5-38.4 g,"anhydrous pyridine, anhydrous pentane, anhydrous N,N-dimethylformamide","0-5°C, 100°C","overnight, 3 hours",46-51%
volume55article15_2_1,"ethyl (E)-2-cyano-6-octenoate, benzoyl peroxide","5.00 g (0.0270 mole), 0.30 g (0.0012 mole)",Ethyl 1-cyano-2-methylcyclohexanecarboxylate,3.68-3.82 g,cyclohexane,Reflux,"40 hours (addition), 20 hours (reflux)",74-76%
volume55article16_1_1,"dihydropyran, chlorine","118 g (1.40 moles), N/A","2,3-Dichlorotetrahydropyran",N/A,diethyl ether,-30°C,N/A,N/A
volume55article16_2_1,"magnesium turnings, methyl bromide, 2,3-dichlorotetrahydropyran","51 g (2.11 g-atoms), 200 g (2.15 moles), N/A",3-Chloro-2-methyltetrahydropyran,122-136 g,ether,"reflux, 0°C",3 hours,65-72%
volume55article16_3_1,"3-Chloro-2-methyltetrahydropyran, sodium","136 g (1.01 moles), 53 g (2.3 g-atoms)",(E)-4-Hexen-1-ol,89-94 g,anhydrous ether,Reflux,1 hour,88-93%
volume55article17_1_1,"Testosterone acetate, anhydrous potassium carbonate, sodium metaperiodate, potassium permanganate, sodium bisulfite","10.0 g (0.0303 mole), 5.6 g (0.041 mole), 40.0 g (0.187 mole), 0.8 g (0.005 mole), 20.0 g","17β-hydroxy-5-oxo-3,5-seco-4-norandrostane-3-carboxylic acid",6.0-6.5 g,"tert-butyl alcohol, water",N/A,1.5 hours,63-70%
volume55article18_1_1,"thallium(III) trifluoroacetate, p-xylene, potassium iodide, sodium bisulfite","54.34 g (0.1008 mole), 10.6 g (0.100 mole), 33.2 g (0.200 mole), 3 g",2-iodo-p-xylene,18.5-19.6 g,"trifluoroacetic acid, diethyl ether, water",N/A,"30 minutes, 20 minutes, 10 minutes, 10 minutes",80-84%
volume55article19_1_1,"ethyl 3-oxohexanoate, aqueous hydrazine hydrate","23.7 g (0.150 mole), 9.8 g (0.17 mole)",3-(1-propyl)-2-pyrazolin-5-one,14-16 g,ethanol,"0°C, reflux","2 hours at 0°C, 2 hours at reflux",77-83%
volume55article19_2_1,"3-(1-propyl)-2-pyrazolin-5-one, thallium(III) nitrate trihydrate","12.62 g (0.1002 mole), 93.20 g (0.2097 mole)",Methyl 2-hexynoate,8.63-9.24 g,methanol,"Room temperature, reflux","20 minutes at room temperature, 20 minutes at reflux",68-73%
volume55article20_1_1,"Potassium hydroxide, nitromethane","224 g, 61 g (1.0 mole)",Dipotassium salt of nitroacetic acid,71.5-80.0 g,water,Reflux,1 hour,79-88%
volume55article20_2_1,"dipotassium salt of nitroacetic acid, methanol, concentrated sulfuric acid","70 g (0.39 mole), 465 ml (11.6 moles), 116 g (1.16 moles)",Methyl nitroacetate,30-32 g,benzene,-15°C to room temperature,8 hours,66-70%
volume55article21_1_1,"(−)-2,3:4,6-di-O-isopropylidene-2-keto-L-gulonic acid hydrate, racemic α-(1-naphthyl)ethylamine, sodium hydroxide","58.44 g (0.1849 mole), 34.24 g (0.2002 mole), 56 ml",(S)-(−)-α-(1-Naphthyl)ethylamine,10.9-11.7 g,"acetone, ethanol, water","Boiling, reflux, room temperature","4 hours, 16 hours",85-90%
volume55article21_2_1,N/A,N/A,(−)-DAG,20.0-20.9 g,N/A,0-5°C,N/A,91-94%
volume55article22_1_1,"pyridine, chromium trioxide, 1-decanol","94.9 g (1.20 moles), 60.0 g (0.600 mole), 15.8 g (0.100 mole)",1-decanal,9.8-10.2 g,dichloromethane,5°C-20°C,15 minutes,63-66%
volume55article23_1_1,"1,4,5,8-tetrahydronaphthalene, sodium acetate, peracetic acid","66.1 g (0.501 mole), 75 g, 104.5 g (0.55 mole)","11-oxatricyclo[4.4.1.01,6]undeca-3,8-diene",58.5-62.0 g,dichloromethane,15°C,20-30 minutes,79-84%
volume55article23_2_1,"11-oxatricyclo[4.4.1.01,6]undeca-3,8-diene, bromine","59.2 g (0.400 mole), 120 g (0.75 mole)","3,4,8,9-Tetrabromo-11-oxatricyclo[4.4.1.01,6]undecane",115-125 g,"diethyl ether, chloroform, petroleum ether",-40°C,overnight,61-67%
volume55article23_3_1,"3,4,8,9-tetrabromo-11-oxatricyclo[4.4.1.01,6]undecane, sodium methoxide","117 g (0.250 mole), 81 g (1.5 moles)","1,6-Oxido[10]annulene",18.3-18.5 g,ether,reflux,10 hours,51%
volume55article24_1_1,"phenylacetonitrile, ethyl bromide, benzaldehyde","257 g (253 ml, 2.20 moles), 218 g (150 ml, 2.00 moles), 21.2 g (20.3 ml, 0.200 mole)",2-phenylbutyronitrile,225-242 g,"50% aqueous sodium hydroxide, benzene, water, dilute hydrochloric acid","28-35°C, 40°C, 25°C","2 hours, 30 minutes, 1 hour",78-84%
volume55article25_1_1,"tert-butylamine, chloroform, sodium hydroxide, benzyltriethylammonium chloride","141.5 g (203.3 ml, 1.938 moles), 117.5 g (78.86 ml, 0.9833 mole), 300 g (7.50 moles), 2 g (0.009 mole)",tert-butyl isocyanide,54.2-60.0 g,"water, dichloromethane",45°C,"2 hours, additional 1 hour",66-73%
volume55article26_1_1,"2-phenylbutyronitrile, benzyltriethylammonium chloride, potassium hydroxide","145 g (1.00 mole), 2.3 g (0.010 mole), 56 g",2-phenyl-2-vinylbutyronitrile,101-107 g,dimethyl sulfoxide,70-80°C,"40-60 minutes, 20-30 minutes",59-63%
volume55article28_1_1,"N-aminophthalimide, (E)-stilbene, lead tetraäcetate","19.5 g (0.120 mole), 108 g (0.600 mole), 60 g (ca. 0.12 mole)","trans-2,3-Diphenyl-1-phthalimidoaziridine",16-21 g,dichloromethane,Room temperature,30 minutes,39-51%
volume55article28_2_1,"trans-2,3-diphenyl-1-phthalimidoaziridine, hydrazine hydrate","20.4 g (0.0600 mole), 150 ml (3 moles)","trans-1-Amino-2,3-diphenylaziridine",7.9-9.5 g,95% ethanol,43-45°C,40 minutes,63-75%
volume55article28_4_1,"styrene glycol dimesylate, hydrazine hydrate","20 g (0.068 mole), 50 ml (1 mole)",N/A,N/A,pentane,Room temperature,20-24 hours,N/A
volume55article28_5_1,N/A,N/A,1-Amino-2-phenylaziridine,7.5-7.7 g,pentane,Room temperature,N/A,82-85%
volume55article28_6_1,N/A,N/A,1-Amino-2-phenylaziridinium acetate,10.0-10.5 g,pentane,0°C,20 minutes,76-79%
volume55article29_1_1,"n-butyllithium, thiophenol, copper(I) iodide, tert-butyllithium","50 ml (1.60 M, 0.080 mole), 8.81 g (0.0801 mole), 4.19 g (0.0220 mole), 13.6 ml (1.60 M, 0.0218 mole)",Lithium phenylthio(tert-butyl)cuprate,N/A,tetrahydrofuran,-60°C to -65°C,5 minutes,N/A
volume55article29_2_1,"benzoyl chloride, cuprate reagent","2.81 g (0.0200 mole), N/A",tert-Butyl phenyl ketone,2.73-2.82 g,"tetrahydrofuran, methanol","-60°C to -65°C, room temperature",20 minutes,84-87%
volume55article30_1_1,"3-chloro-N,N-dimethyl-1-propylamine hydrochloride, potassium hydroxide, magnesium turnings, dichlorophenylphosphine","395 g (2.50 moles), 179 g, 48.6 g (2.00 g-atoms), 107.3 g (81.29 ml, 0.5994 mole)",Bis(3-dimethylaminopropyl)phenylphosphine,94-97 g,"water, tetrahydrofuran, ether","reflux, 2 hours",N/A,56-58%
volume55article30_2_1,"thiobutyric acid, triethylamine, 3-bromo-2-butanone","10.4 g (0.100 mole), 10.1 g (0.100 mole), 15.1 g (0.100 mole)",S-(2-Oxobut-3-yl) Butanethioate,17.0-17.4 g,anhydrous ether,reflux,1.5 hours,98-100%
volume55article30_3_1,"anhydrous lithium bromide, S-(2-oxobut-3-yl)butanethioate, bis(3-dimethylaminopropyl)phenylphosphine","17.8 g (0.204 mole), 34.8 g (0.218 mole), 67 g (69 ml, 0.24 mole)","3-Methyl-2,4-heptanedione",23.5-24.7 g,acetonitrile,70°C,15 hours,83-87%
volume59article20_1_1,"bromobenzene, magnesium, selenium, bromine, ammonium chloride","160 g (1.02 mole), 24.0 g (0.988 g-atom), 70 g (0.89 g-atom), 74.3 g (23.8 ml, 0.465 mole), 53.5 g (1.00 mole)",diphenyl diselenide,89-97 g,"diethyl ether, water, hexane","reflux, room temperature, 6°C","30 minutes, N/A, N/A",64-70%
volume59article21_2_1,"Iodo ketone, potassium hydroxide, methanol",N/A,4-Protoadamantanone,7.0-8.1 g,methanol,Reflux,3 hours,71-82%
volume59article22_1_1,"aqueous 30% formaldehyde, 40% solution of dimethylamine","100 g (1.0 mole), 225 g (2.0 moles)",bis(dimethylamino)methane,85-88 g,water,Room temperature,Overnight,83-86%
volume59article22_2_1,"bis(dimethylamino)methane, 3-methyl-2-butanone","10.2 g (0.100 mole), 8.6 g (0.10 mole)",1-(Dimethylamino)-4-methyl-3-pentanone,7.0-8.2 g,trifluoroacetic acid,"-10°C to -15°C, 65°C, 145°C","1.5 hours, 1.5 hours",49-57%
volume59article23_1_1,"N-benzyloxycarbonyl-L-methionine, N,N-dimethylacetamide, triethylamine, palladium black","0.708 g (0.80250 mole), 10 ml, 1.02 g (1.40 ml, 0.0101 mole), 1.25 g",L-Methionine,272-305 mg,ammonia,reflux,5.5 hours,73-82%
volume59article23_2_1,"Nα-benzyloxycarbonyl-O-tert-butyl-L-seryl-S-tert-butyl-L-cysteine tert-butyl ester, N,N-dimethylacetamide, triethylamine, palladium(II) chloride","200 mg, 4 ml, 0.160 g, 333 mg",O-tert-Butyl-L-seryl-S-tert-butyl-L-cysteine tert-butyl ester,121-127 mg,ammonia,reflux,6 hours,82-86%
volume59article24_1_1,"thallium(I) acetate, acetic acid, cyclohexene, iodine","17.56 g (0.05447 mole), 40 ml, 2.84 g (3.50 ml, 0.0346 mole), 8.46 g (0.0333 mole)","trans-1,2-cyclohexanediol",2.5-2.7 g,acetic acid,reflux,9 hours,65-70%
volume59article24_2_1,"thallium(I) acetate, glacial acetic acid, cyclohexene, iodine","17.56 g (0.05447 mole), 160 ml, 3.0 g (3.7 ml, 0.036 mole), 8.46 g (0.0333 mole)","cis-1,2-cyclohexanediol",2.7-2.9 g,acetic acid,80°C,9 hours,70-75%
volume59article25_1_1,Adamantane,6 g (0.044 mole),1-adamantanol,5.4-5.6 g,"pentane, ethyl acetate, dichloromethane, hexane",-78°C to room temperature,"2 hours (ozonation), 3 hours (warming)",81-84%
volume59article26_1_1,"glycine ethyl ester hydrochloride, methyl formate, triethylamine","69.5 g (0.495 mole), 250 ml, 55.0 g (0.544 mole)",N-formylglycine ethyl ester,51.7-61.5 g,N/A,reflux,20 hours,79-94%
volume59article26_2_1,"N-formylglycine ethyl ester, triethylamine, phosphorus oxychloride, anhydrous sodium carbonate","65.5 g (0.500 mole), 125.0 g (1.234 moles), 76.5 g (0.498 mole), 100 g",Ethyl isocyanoacetate,43-44 g,dichloromethane,"0°C to -2°C, 25-30°C","1 hour, 30 minutes",76-78%
volume59article26_3_1,"triethyl orthoformate, glacial acetic acid, hydroquinone, concentrated sulfuric acid","333 g (2.25 moles), 330 ml, 3.2 g, 0.4 ml",O-Ethyl thioformate,60-76.7 g,diethyl ether,Ice bath,N/A,30-38%
volume59article26_4_1,"sodium cyanide, ethyl isocyanoacetate, O-ethyl thioformate","0.25 g (0.0051 mole), 4.52 g (0.0439 mole), 3.60 g (0.0400 mole)",Ethyl thiazole-4-carboxylate,5.1-5.5 g,ethanol,"Room temperature, 50°C",30 minutes,81-87%
volume59article27_1_1,"acetamide, anhydrous potassium carbonate, aqueous formaldehyde solution","100 g (1.70 moles), 10 g (0.072 mole), 137 g (1.7 moles)",N-(Hydroxymethyl)acetamide,148-151 g,N/A,Room temperature,Overnight,98-100%
volume59article27_2_1,"N-(hydroxymethyl)acetamide, L-cysteine hydrochloride monohydrate, hydrochloric acid","127 g (1.43 moles), 228 g (1.30 moles), 50 ml",S-Acetamidomethyl-L-cysteine hydrochloride,152-190 g,water,Room temperature,1-2 days,51-64%
volume59article28_1_1,"Methyl chloroformate, chlorine","37.8 g (0.400 mole), N/A",Trichloromethyl chloroformate,65-72 g,N/A,30-35°C,6.5-7 hours,82-91%
volume59article28_2_1,"3-aminopropanoic acid hydrochloride, trichloromethyl chloroformate","12.6 g (0.100 mole), 23.8 g (14.4 ml, 0.120 mole)",3-isocyanatopropanoyl chloride,10.5-11.8 g,dioxane,55-60°C,7 hours,79-88%
volume59article29_1_1,"triethylamine, thiophenol","79.9 g (110 ml, 0.791 mole), 87 g (81 ml, 0.79 mole)",bis(phenylthio)methane,51.2-59.6 g,dichloromethane,20°C,3 hours,56-65%
volume59article29_2_1,"bis(phenylthio)methane, n-butyllithium, acrolein, dimethyl sulfate","5.00 g (0.0215 mole), 15.8 ml (0.0217 mole), 1.4 g (1.7 ml, 0.025 mole), 2.90 g (2.19 ml, 0.0230 mole)","4,4-bis(phenylthio)-3-methoxy-1-butene",3.11-3.36 g,tetrahydrofuran,"-20°C, -78°C, room temperature, reflux","16 hours, 2 hours",48-52%
volume59article29_3_1,"bis[copper(I) trifluoromethanesulfonate] benzene complex, 3-tert-butyl-4-hydroxy-5-methylphenyl sulfide, 4,4-bis(phenylthio)-3-methoxy-1-butene, N,N-diisopropylethylamine","3.27 g (0.00650 mole), 0.036 g (0.18 mmole), 1.20 g (0.00397 mole), 1.33 g (1.80 ml, 0.0103 mole)","(Z)-2-Methoxy-1-phenylthio-1,3-butadiene",0.421-0.486 g,"benzene, tetrahydrofuran",reflux,4.75 hours,55-64%
volume60article1_1_1,"methyl hydrogen hexanedioate, sodium methoxide, pyridine","120 g (0.75 mol), 4.1 g (0.075 mol), 10 mL",dimethyl decanedioate,60-61 g,methanol,60-65°C,23 hr + 2.5 hr,70-71%
volume60article2_1_1,"styrene, chloroform, triethylbenzylammonium chloride, sodium hydroxide","57 mL (0.50 mol), 50 mL, 2 g, 77 g","1,1-Dichloro-2-phenylcyclopropane",80-82 g,"water, methylene chloride",40-45°C,2 hours,86-88%
volume60article2_1_2,"1,1-dichloro-2-phenylcyclopropane, sodium hydroxide, ethanol","18.7 g (0.100 mol), 16 g, 160 mL",Atropaldehyde diethyl acetal,14-15 g,petroleum ether,reflux,24 hours,58-62%
volume60article2_1_3,"Atropaldehyde diethyl acetal, formic acid, water","15 g, 15 mL, 4 mL",Atropaldehyde,5.8-6.8 g,"petroleum ether, diethyl ether",-50°C,15 minutes,71-83%
volume60article3_1_1,"1-eicosene, potassium permanganate","50 g, 80 g (0.544 mol)",Nona-decanoic acid,36-37 g,"water, sulfuric acid, glacial acetic acid, methylene chloride",Room temperature,18 hours,75-77%
volume60article4_1_1,"benzophenone, trimethylsilyl cyanide, zinc iodide","22.0 g (0.12 mol), 13.9 g (0.14 mol), 600 mg",O-(Trimethylsilyl)benzophenone cyanohydrin,36.4-37.9 g,methylene chloride,65°C,2 hours,N/A
volume60article4_1_2,"O-(Trimethylsilyl)benzophenone cyanohydrin, tetrahydrofuran, hydrochloric acid",N/A,Benzophenone cyanohydrin,17.9-21.5 g,tetrahydrofuran,65°C,1 hour,79-86%
volume60article6_1_1,"cyclopropylcarbinol, hydrochloric acid, oxalic acid dihydrate, chromium trioxide","49.5 g (0.65 mol), 48 mL (ca. 0.55 mol), 440 g (3.5 mol), 162 g (1.62 mol)",cyclobutanone,14-16 g (0.20-0.23 mol),"water, methylene chloride","reflux, 10-15°C","ca. 100 min, 1.5-2 hr, ca. 1 hr",31-35% overall yield
volume60article7_1_1,"lithium aluminum hydride, 2-hydroxycyclobutanone","6.2 g (0.16 mol), 42 g (0.48 mol)","1,2-Cyclobutanediol",34-40 g,diethyl ether,reflux,1 hour,80-95%
volume60article7_1_2,"cis- and trans-1,2-cyclobutanediol, boron trifluoride butyl etherate","34 g (0.39 mol), 10 μL",Cyclopropanecarboxaldehyde,17.5-21.6 g,N/A,230°C,N/A,65-80%
volume60article8_1_1,"trans-cyclododecene oxide, tungsten hexachloride, butyllithium","14.8 g (0.081 mol), 60 g (0.15 mol), 31 mL (0.30 mol)",trans-cyclododecene,10.5-10.8 g,tetrahydrofuran,-62°C to room temperature,30 min,78-82%
volume60article9_1_1,"pivaloyl chloride, anhydrous tert-butyl alcohol, trifluoromethanesulfonic acid","300 g (2.5 mol), 46 g (0.62 mol), 187.5 g (109 mL, 1.25 mol)","2,6-Di-tert-butyl-4-methylpyrylium trifluoromethanesulfonate",118-137 g,diethyl ether,95-105°C,10 min,53-62%
volume60article9_1_2,"2,6-Di-tert-butyl-4-methylpyrylium trifluoromethanesulfonate, concentrated ammonium hydroxide",119-128 g (0.33-0.36 mol),"2,6-Di-tert-butyl-4-methylpyridine",62.7-66.3 g,ethanol,-60°C to room temperature,"30 min at -60°C, 2 hours at -40°C",90-93%
volume60article10_1_1,"p,α,α-tribromoacetophenone, magnesium turnings, propargyl bromide","29.2 g (1.2 mol), 160 mL, 7.6 g (5.0 mL, 0.064 mol)","1,2,4,5-Hexatetraene",25-30 g,ethyl ether,"5-10°C, room temperature, 20°C","45 min, 15 min, 15 min",30-36%
volume60article10_1_2,"1,2,4,5-Hexatetraene, dimethyl acetylenedicarboxylate","25-30 g (0.32-0.38 mol), 69.4 g (60 mL, 0.49 mol)","Tetramethyl[2.2]paracyclophane-4,5,12,13-tetracarboxylate",27-35 g,benzene,"45°C, 70°C","5-7 hours, 20 hours",40-50%
volume60article12_1_1,"benzamidine hydrochloride, sodium chloride, sodium hypochlorite solution, trans-β-methylstyrene, potassium tert-butoxide","22.5 g (0.143 mol), 37.5 g (0.62 mol), 15.5 g (2.65 mol), 7.49 g (0.0634 mol), 28.5 g (0.25 mol)","1,2-diphenyl-3-methylcyclopropene",10.5-11.5 g,"hexane, dimethyl sulfoxide, benzene, ether, tetrahydrofuran","0°C, reflux, -78°C, room temperature","15 min, 3.5 hours, 1 hour, 3 hours, 12 hours",80-88%
volume60article14_1_1,"cis-cyclooctene, methanol, acetonitrile, potassium bicarbonate, hydrogen peroxide","484 g (4.4 mol), 3 L, 330 g (8.04 mol), 77 g (0.77 mol), 522 g (4.6 mol)",cis-cyclooctene oxide,333-337 g,"methanol, acetonitrile",25-35°C,overnight,60-61%
volume60article16_1_1,"imidazole, triethylamine, benzoyl chloride","68 g (1.0 mol), 202 g (2 mol), 281 g (2.0 mol)","1-Benzoyl-2-(1,3-dibenzoyl-4-imidazolin-2-yl)imidazole",181-190 g,acetonitrile,15-25°C,1 hour,80-85%
volume60article16_1_2,"1-benzoyl-2-(1,3-dibenzoyl-4-imidazolin-2-yl) imidazole, methyl alcohol, hydrochloric acid","150 g (0.335 mol), 500 mL, 30 mL","2-(1,3-Dibenzoyl-4-imidazolin-2-yl)imidazole hydrochloride",114-119 g,methyl alcohol,N/A,5 hours,89-93%
volume60article16_1_3,"2-(1,3-dibenzoyl-4-imidazolin-2-yl)imidazole hydrochloride, ethyl alcohol, palladium on carbon","38.0 g (0.10 mol), 300 mL, 2 g","2-(1,3-Dibenzoylimidazolidin-2-yl)imidazole hydrochloride",33.2-35.8 g,ethyl alcohol,N/A,N/A,87-94%
volume60article16_1_4,"2-(1,3-dibenzoylimidazolidin-2-yl) imidazole hydrochloride, hydrochloric acid","19.1 g (0.05 mol), 200 mL",Imidazole-2-carboxaldehyde,3.2-3.7 g,concentrated hydrochloric acid,reflux,22 hours,67-77%
volume60article18_1_1,"p-toluenesulfonic acid monohydrate, dihydropyran, propargyl alcohol, sodium bicarbonate","2 crystals, 268 g (291.3 mL, 3.2 mol), 168 g (174.5 mL, 3.0 mol), 0.5 g",Tetrahydropyranyl derivative of propargyl alcohol,330-355 g,dihydropyran,60-65°C,1.5 hours,78-92%
volume60article18_1_2,"ethylmagnesium bromide, tetrahydropyranyl derivative of propargyl alcohol, methyl chloroformate","1.0 mol, 140 g (1.0 mol, 141 mL), 104 g (1.10 mol, 85.4 mL)",Methyl 4-hydroxy-2-butynoate,69-74 g,tetrahydrofuran,-15 to -20°C,1.5 hours,60-65%
volume60article20_1_1,"4-hydroxy-2-butanone, silver oxide, benzyl bromide","4.40 g (0.050 mol), 13.9 g (0.060 mol), 12.0 g (0.070 mol)",4-benzyloxy-2-butanone,3.87-4.33 g,toluene,Room temperature,18 hours,43-49%
volume60article20_2_1,"diisopropylamine, tetrahydrofuran, butyllithium, acetic acid-2-13C, 4-benzyloxy-2-butanone, water, sodium hydroxide, hydrochloric acid","1.79 g, 6.5 mL, 7.22 mL, 0.439 g, 1.30 g, 4.5 mL, 6 mL, N/A",5-Benzyloxy-3-hydroxy-3-methylpentanoic-2-13C acid,0.95-1.01 g,tetrahydrofuran,"0°C, room temperature","3.5 hours (stirring at 0°C), 18 hours (stirring at room temperature)",55-59%
volume60article20_3_1,"5-benzyloxy-3-hydroxy-3-methylpentanoic acid-2-13C, palladium black","0.519 g (0.00217 mol), 0.107 g (0.001 mol)",Mevalonolactone-2-13C,0.235-0.249 g,95% ethanol,Room temperature,2 hr + 8 hr,83-88%
volume60article21_1_1,"phthalic anhydride, 2-nitro-1-propanol","96.5 g (0.65 mol), 52.5 g (0.50 mol)",2-nitropropene,25.0-31.4 g,water,150-185°C,"30 min (at 150°C), 1 hr (at 180-185°C)",57-72%
volume60article22_1_1,"2-phenyl-2-adamantanol, sodium azide, trifluoroacetic acid","22.8 g (0.1 mol), 13 g (0.2 mol), 37.5 mL (0.5 mol)",2-azido-2-phenyladamantane,23.6-24.8 g,chloroform,0°C,4 hours,93-98%
volume60article22_1_2,"2-azido-2-phenyladamantane, wet Raney nickel, concentrated hydrochloric acid","24 g (0.095 mol), N/A, 22 mL",2-phenyl-2-adamantanamine hydrochloride,22.5-24.0 g,"2-propanol, toluene",60-70°C,10 minutes,90-96%
volume60article23_1_1,"triethylsilane, m-nitroacetophenone","20.9 g (0.180 mol), 10.0 g (0.0606 mol)",m-nitroethylbenzene,8.33-8.38 g,dichloromethane,"Ice bath, room temperature","30 min, 20 min",91-92%
volume60article24_1_1,"Titanium trichloride, lithium, 2-adamantanone","63.16 g (0.409 mol), 8.52 g (1.23 mol), 15.36 g (0.102 mol)",Adamantylideneadamantane,"10.3-10.4 g, 1.2-1.5 g","1,2-dimethoxyethane, petroleum ether, methanol","Reflux, room temperature","1 hour, 18 hours","75-76%, 9-11%"
volume60article25_1_1,"1-trimethylsiloxy-1-cyclohexene, stannic chloride, 2-nitropropene","34 g (0.20 mol), 23 mL (52.1 g, 0.20 mol), 20.0 mL (21.0 g, 0.23 mol)",2-(2-oxopropyl)cyclohexanone,18.7-21.5 g,methylene chloride,-78°C to -5°C,"20 min, 1 hour, 2 hours",61-70%
volume60article26_1_1,"α,α,α-Trifluoro-m-toluidine, concentrated hydrochloric acid, glacial acetic acid, sodium nitrite, glacial acetic acid, sulfur dioxide, cuprous chloride","96.7 g (0.6 mol), 200 mL, 60 mL, 44.8 g (0.65 mol), 600 mL, N/A, 15 g",m-Trifluoromethylbenzenesulfonyl chloride,100-115 g,"water, ice water, ether, saturated aqueous sodium bicarbonate, water",-10°C to 30°C,"45 min (diazotization), 30 min (sulfur dioxide addition)",68-79%
volume60article27_1_1,"lithium hydride, acetone cyanohydrin, trimethylchlorosilane","5.0 g (0.624 mol), 42.6 g (45.7 mL, 0.501 mol), 54.32 g (63.46 mL, 0.500 mol)",trimethylsilyl cyanide,29-41 g,"tetrahydrofuran, bis[2-(2-methoxyethoxy)ethyl] ether",room temperature,"2 hours, overnight",59-82%
volume60article27_2_1,"p-benzoquinone, trimethylsilyl cyanide","6.30 g (58.2 mmol), 8 mL (63.03 mmol)",Cyanosilylation product of p-benzoquinone,7.54-9.77 g,carbon tetrachloride,"Reflux, room temperature","1-2 min, 15 min",63%-81%
volume74article2_1_1,"(−)-menthol, potassium hydride, trichloroethylene, butyllithium, ethyl iodide","12.0 g (76.8 mmol), 13.2 g (115 mmol), 7.58 mL (84.4 mmol), 67.6 mL (169 mmol), 18.5 mL (230 mmol)",1-menthoxy-1-butyne,14.9 g,"tetrahydrofuran, hexanes, hexamethylphosphoramide","-50°C to room temperature, -70°C to -40°C","20 min, 30 min, 3 hours",93%
volume74article2_2_1,"1-menthoxy-1-butyne, 10% palladium on barium sulfate","14.0 g (67.2 mmol), 0.7 g",(Z)-1-menthoxy-1-butene,12.7 g,pyridine,N/A,6 hours,90%
volume74article2_3_1,"1-menthoxy-1-butyne, lithium aluminum hydride",14.0 g (67.2 mmol),(E)-1-menthoxy-1-butene,13.3 g,tetrahydrofuran,reflux,4 hours,94%
volume74article3_2_1,"(-)-sparteine, N-Boc-pyrrolidine, sec-butyllithium, benzophenone, glacial acetic acid","30.2 mL, 15.0 g, 96 mL, 25.5 g, 8.5 mL",(R)-(+)-2-(Diphenylhydroxymethyl)-N-(tert-butoxycarbonyl)pyrrolidine,20.9-22.0 g,anhydrous ether,-70°C,"5.5 hours (stirring), 1.25 hours (addition)",73-74%
volume74article3_3_1,"(R)-(+)-2-(diphenylhydroxymethyl)-N-(tert-butoxycarbonyl)pyrrolidine, NaOH","22.0 g (62.3 mmol), 27.0 g (675 mmol)",(R)-(+)-2-(diphenylhydroxymethyl)pyrrolidine,14.5-15.8 g,ethanol,reflux,2.5 hours,92-100%
volume74article4_1_1,"diisopropylamine, butyllithium, diphenylacetonitrile, 4-bromobutyronitrile, potassium tert-butoxide","39.9 mL, 101.6 mL, 50.0 g, 28.3 mL, 23.25 g","2-Amino-3,3-diphenyl-1-cyclopentene-1-carbonitrile",57.7 g,"tetrahydrofuran, tert-butyl alcohol, THF, MTBE, absolute ethanol","0°C, room temperature, 60°C","overnight, 2 hours",86%
volume74article4_2_1,enaminonitrile,57.5 g (0.22 mol),"2,2-Diphenylcyclopentanone",48.2 g,"concd hydrochloric acid, water, dichloromethane, saturated aqueous sodium bicarbonate, brine",reflux (110°C internal temperature),4 days,92%
volume74article4_3_1,"B-methyloxazaborolidine catalyst, borane-methyl sulfide complex, 2,2-diphenylcyclopentanone","1.76 g (6.34 mmol), 6.34 mL (63.4 mmol), 15 g (63.4 mmol)","(R)-(−)-2,2-Diphenylcyclopentanol",14.7 g,THF,40°C,8 hours,97%
volume74article5_1_1,"(S)-proline, phosgene, tetrahydrofuran, triethylamine","60.0 g (0.521 mol), 324 mL (0.625 mol), 600 mL, 72.6 mL (0.521 mol)",(S)-Proline-N-carboxyanhydride,N/A,tetrahydrofuran,15-20°C,"0.5-1.0 hr, 0.5 hr",N/A
volume74article5_2_1,"phenylmagnesium chloride, (S)-proline-N-carboxyanhydride, tetrahydrofuran, aqueous sulfuric acid, 2 M aqueous sodium hydroxide","0.80 L (1.6 mol), N/A, N/A, 1.05 L (2.1 mol), 268 mL","(S)-1,1-Diphenylprolinol",64-68 g,"tetrahydrofuran, toluene",-15°C to 0°C,5 hours,94-99%
volume74article5_3_1,"(S)-diphenylprolinol, trimethylboroxine, borane-methyl sulfide","50.0 g (198 mmol), 38 g (19 g, 152 mmol), 21 mL (210 mmol)","(S)-Tetrahydro-1-methyl-3,3-diphenyl-1H,3H-pyrrolo[1,2-c][1,3,2]oxazaborole-borane complex",51-53 g,"xylenes, tetrahydrofuran, hexane","20°C, 160-180°C, -10°C","0.5 hours, 1 hour, 2 hours",N/A
volume74article5_4_1,"(S)-oxazaborolidine-borane complex, borane-methyl sulfide, 1-indanone","2.91 g (10.0 mmol), 20 mL (200 mmol), 26.4 g (200 mmol)","(R)-2,3-Dihydro-1H-inden-1-ol",24.1-25.2 g,"dichloromethane, methanol, hexane","-20°C, room temperature, 50-60°C","2 hours, N/A, 4 hours",90-94%
volume74article6_1_1,"diphenylacetylene, potassium tert-butoxide, α,α-dichlorotoluene","3.92 g (0.022 mol), 9.97 g (0.089 mol), 7.2 g (0.045 mol)","1,2,3-Triphenylcyclopropenium bromide",6.8-7.2 g,benzene,reflux,3 hours,89-93%
volume74article7_1_1,"2-aminopyridine, pyridine, triflic anhydride","19.859 g (0.211 mol), 35.04 g (35.88 mL, 0.443 mol), 125 g (74.54 mL, 0.443 mol)",N-(2-Pyridyl)triflimide,61 g,dichloromethane,"-78°C, room temperature","2 hr at -78°C, 19 hr at room temperature",81%
volume74article7_2_1,2-amino-5-chloropyridine,27.13 g (0.211 mol),N-(5-chloro-2-pyridyl)triflimide,61.84 g,N/A,N/A,N/A,75%
volume74article8_1_1,"DABCO, hydrogen peroxide","28.05 g (0.25 mol), 49 mL (35% solution, 0.5 mol)",Diazabicyclooctane-hydrogen peroxide complex,28.3 g,tetrahydrofuran,0°C,1 hour,63%
volume74article8_2_1,"DABCO · 2H2O2 complex, DABCO, chlorotrimethylsilane","28.3 g (0.157 mol), 28 g (0.25 mol), 80 mL (0.628 mol)",Bis(trimethylsilyl) peroxide (BTMSPO),40.1 g,"dichloromethane, pentane","0°C, room temperature",5 hours,71%
volume74article9_2_1,"trans-stilbene, dimethyldioxirane","0.724 g (4.02 mmol), 66 mL (4.09 mmol)",trans-Stilbene oxide,0.788 g,acetone,Room temperature,6 hours,100%
volume74article10_1_1,"triphosgene, N,N,N',N'-tetramethylurea, anhydrous toluene, tert-Butylamine","14.8 g (0.05 mol), 18.0 mL (0.15 mol), 120 mL, 47.3 mL (0.45 mol)","2-tert-Butyl-1,1,3,3-tetramethylguanidine",18.7 g (73%),"toluene, ether","reflux, room temperature",5 hours,73%
volume74article10_2_1,"2,2,6-trimethylcyclohexanone hydrazone, 2-tert-butyl-1,1,3,3-tetramethylguanidine, iodine","4.6 g (0.03 mol), 46.25 g (0.27 mol), 15.25 g (0.06 mol)","2,2,6-Trimethylcyclohexen-1-yl iodide",6.34 g,ether,Ambient temperature,30 min,85%
volume74article11_1_1,"diethyl (trichloromethyl)phosphonate, isopropylmagnesium chloride, anhydrous ethanol","38.3 g (0.150 mol), 83 mL (0.158 mol), 12 g (0.260 mol)",diethyl (dichloromethyl)phosphonate,26.6 g,tetrahydrofuran,-78°C to -40°C,15 minutes,80%
volume74article11_2_1,"butyllithium, diisopropylamine, 1, 4-methoxybenzaldehyde","92 mL (1.56 M), 15.1 g, 30 g, 18.1 g",(4-methoxyphenyl)ethyne,11.0 g,"tetrahydrofuran, hexane",-20°C to 0°C,"30 min, 60 min",63%
volume74article12_1_1,"propargyl alcohol, triethylamine, phenylsulfenyl chloride","10.5 mL (0.18 mol), 30.1 mL (0.22 mol), 26.0 g (0.18 mol)","1-(Phenylsulfonyl)-1,2-propadiene",28.1 g (68%),dichloromethane,Room temperature,3 hours,68%
volume74article12_2_1,"1-(phenylsulfonyl)-1,2-propadiene, bromine","25.4 g (0.14 mol), 8.0 mL (0.14 mol)","2,3-dibromo-1-(phenylsulfonyl)-1-propene",41.5 g (87%),acetic acid,room temperature,8 hours,87%
volume74article12_3_1,"2,3-dibromo-1-(phenylsulfonyl)-1-propene, 2,4-pentanedione, sodium methoxide","20.0 g (58.8 mmol), 6.1 mL (59.4 mmol), 140 mL (70.0 mmol)",2-Methyl-4-[(phenylsulfonyl)methyl]furan,5.6 g,methanol,25°C,"12 hours, 10 hours",59%
volume74article12_4_1,"2,3-dibromo-1-(phenylsulfonyl)-1-propene, 3-methyl-2,4-pentanedione, sodium methoxide","20.0 g (58.8 mmol), 7.0 mL (60.0 mmol), 140 mL (70.0 mmol)",2-methyl-3-[(phenylsulfonyl)methyl]-2-cyclopenten-1-one,6.5 g,methanol,"0°C, 25°C","5 hours, 10 hours",44%
volume74article13_1_1,"diphenyl disulfide, bromine, ethylene, 1,8-diazabicyclo[5.4.0]undec-7-ene","200 g (917 mmol), 161 g (52 mL, 1.01 mol), 73.1 g (2.61 mol), 306 g (300 mL, 2.01 mol)",phenyl vinyl sulfide,162-184 g,dichloromethane,50°C,15-18 hours,65-74%
volume74article14_1_1,"triethyl orthoformate, nitromethane, anhydrous zinc chloride","89.3 g (602 mmol), 180 g (2.95 mol), 5.00 g (36.6 mmol)",nitroacetaldehyde diethyl acetal,39-41 g,N/A,90°C,16 hours,40-42%
volume74article15_1_1,"magnesium bromide diethyl etherate, methylmagnesium bromide, N,N-Diisopropylamine, 2-methyl-1-tetralone","6.72 g (26.0 mmol), 11.2 mL (34 mmol), 4.46 mL (34 mmol), 5.28 g (33 mmol)",Magnesium enolate of 2-methyl-1-tetralone,N/A,ether,25°C,16-18 hours,N/A
volume74article15_2_1,"cyclopropanone ethyl hemiketal, methylmagnesium bromide","6.12 g (60.0 mmol), 20 mL of a 3.0 M solution (60 mmol)",2-(1-Hydroxycyclopropyl)-2-methyl-1-tetralone,7.92 g,anhydrous ether,reflux,4 hours,N/A
volume74article15_3_1,"Yellow oil from Part B, sodium hydride","N/A, 4.0 g (166 mmol)","(3aβ,9bβ)-1,2,3a,4,5,9b-Hexahydro-9b-hydroxy-3a-methyl-3H-benz[e]inden-3-one",5.41 g,anhydrous ether,25°C,3 hours,76%
volume74article16_2_1,"2,3-bis(phenylsulfinyl)-1,3-butadiene, hydrogen peroxide, glacial acetic acid","17.0 g (56.3 mmol), 34 mL, 170 mL","2,3-bis(phenylsulfonyl)-1,3-butadiene",11.6 g,glacial acetic acid,90°C,5 hours,61%
volume74article16_3_1,"sodium hydride, dimethyl malonate, methyl 4-bromocrotonate","4.2 g (105 mmol), 13.7 mL (15.8 g, 120 mmol), 19.9 g (110 mmol)",Dimethyl (E)-5-methoxycarbonyl-2-hexenedioate,8.8 g (38%),tetrahydrofuran,0°C,20 min,38%
volume74article16_4_1,"sodium hydride, dimethyl (E)-5-methoxycarbonyl-2-hexenedioate, 2,3-bis(phenylsulfonyl)-1,3-butadiene","1.44 g (60% in oil, 36.0 mmol), 7.59 g (33.0 mmol), 10.02 g (30.0 mmol)","trans-4,7,7-Tricarbomethoxy-2-phenylsulfonylbicyclo[3.3.0]oct-1-ene",9.54 g,THF,0°C,30 min,75%
volume74article17_1_1,"5-methyl-5-hexen-2-one, trimethyl borate, tetrahydrofuran, zinc granules, methyl bromoacetate","24.20 g (0.216 mol), 60 mL, 60 mL, 16.96 g (0.259 g-atom), 39.65 g (0.259 mol)","Methyl 3,6-dimethyl-3-hydroxy-6-heptenoate",37.32-38.92 g,THF,25°C,3 hours,93-97%
volume74article17_2_1,"Crude ester, 2 N KOH in methanol","37.00 g (0.199 mol), 130 mL (0.260 mol)","3,6-Dimethyl-3-hydroxy-6-heptenoic acid",28.07-29.40 g,methanol,25°C,5 hours,82-86%
volume74article18_1_1,"2-bromopropene, tert-butyllithium, diisopropyl squarate","6.66 mL (75 mmol), 88 mL (150 mmol), 5.94 g (30 mmol)","4,5,6,6a-tetrahydro-3a-hydroxy-2,3-diisoproproxy-4,6a-dimethyl-1(3aH)-pentalenone",6.36 g,tetrahydrofuran,-78°C,"30 min, 2 hr, 15 hr, 7 hr",N/A
volume74article19_1_1,"lithium, biphenyl, anhydrous barium iodide","210 mg, 4.7 g, 6.0 g",active barium,N/A,tetrahydrofuran (THF),room temperature,"2 hours (lithium and biphenyl), 5 minutes (barium iodide)",N/A
volume74article19_2_1,"active barium, THF, geranyl chloride","N/A, N/A, 1.19 g (6.89 mmol)","(E)-4,8-Dimethyl-3,7-nonadienoic acid",0.91-0.96 g,THF,-78°C,30 min,72-76%
volume74article20_1_1,"(E)-4-phenyl-3-buten-2-one, 1,2-ethanedithiol, boron trifluoride etherate","29.2 g (0.2 mol), 20.7 g (0.22 mol), 11 mL (12.4 g, 0.087 mol)","(E)-2-methyl-2-(2-phenylethenyl)-1,3-dithiolane",24.9-27.1 g,methanol,room temperature,45 min,56-61%
volume74article20_2_1,"magnesium turnings, iodomethane","9.7 g (0.4 g-atom), 56.7 g (0.4 mol)",methylmagnesium iodide,N/A,anhydrous ether,N/A,2 hours + 30 minutes,N/A
volume74article20_3_1,"2-methyl-2-(2-phenylethenyl)-1,3-dithiolane, [1,3-bis(diphenylphosphino)propane]nickel(II) chloride, methylmagnesium iodide","17.8 g (0.08 mol), 2.17 g (0.004 mol), N/A","(E)-1-phenyl-3,3-dimethyl-1-butene",10.4 g,tetrahydrofuran,reflux,24 hours,81%
volume74article21_1_1,"dry sodium iodide, glacial acetic acid, ethyl propiolate","30.6 g (204 mmol), 100 mL, 20.6 mL (204 mmol)",Ethyl (Z)-β-iodoacrylate,40.6 g,"water, ether",70°C,12 hours,88%
volume74article21_2_1,"ethyl (Z)-β-iodoacrylate, diisobutylaluminum hydride, butylmagnesium bromide","2.26 g (10 mmol), 10 mL (10 mmol), 11 mL (11 mmol)",(Z)-1-iodohept-1-en-3-ol,1.7 g,"dichloromethane, ether","-78°C, -70°C, -20°C",30 min,71%
volume74article21_3_1,"ethyl Z-β-iodoacrylate, diisobutylaluminum hydride, butylmagnesium bromide","2.26 g (10 mmol), 10 mL (10 mmol), 11 mL (11 mmol)",(E)-1-Iodohept-1-en-3-ol,1.9 g,"dichloromethane, hexane, ether",-78°C to room temperature,"30 min at -78°C, 15 min at 0°C, room temperature",79%
volume74article21_4_1,"ethyl (Z)-β-iodoacrylate, diisobutylaluminum hydride, methanol, aqueous potassium sodium tartrate","2.26 g (10 mmol), 10 mL (10 mmol), 5 mL, 25 mL",(Z)-β-Iodoacrolein,1.6 g,"dichloromethane, methanol, ether","-78°C, -80°C, 0°C, room temperature",N/A,88%
volume74article22_1_1,"3-butyn-1-ol, tert-butyldiphenylchlorosilane, imidazole, 4-dimethylaminopyridine","2.1 g (30 mmol), 8.5 g (31 mmol), 2.86 g (42 mmol), 0.37 g (3 mmol)",tert-Butyl(but-3-ynyloxy)diphenylsilane,8.90 g,dichloromethane,Room temperature,Overnight,96%
volume74article22_2_1,"tert-butyl(but-3-ynyloxy)diphenylsilane, zirconocene hydrochloride, dimethylzinc, hexanal","5.55 g (18 mmol), 5.10 g (19.8 mmol), 10.4 mL (20.8 mmol), 2.16 g (21.6 mmol)",1-[(tert-butyldiphenylsilyloxy)]-dec-3-en-5-ol,4.90 g,dichloromethane,"-60°C, 0°C",6 hours,66%
volume74article23_1_1,"Methyl propiolate, silver nitrate, N-bromosuccinimide","4.0 g (47.6 mmol), 0.8 g (4.7 mmol), 9.8 g (55 mmol)",Methyl 3-bromopropiolate,7.0-7.5 g (42.9-46.0 mmol),acetone,Room temperature,2 hours,90-97%
volume74article23_1_2,"tert-Butyl propiolate, silver nitrate, N-bromosuccinimide","5.42 g (42.8 mmol), 0.8 g (4.7 mmol), 9.8 g (55 mmol)",tert-Butyl 3-bromopropiolate,8.51 g (41.5 mmol),acetone,Room temperature,90 minutes,97%
volume74article24_1_1,"mesitylene, chlorosulfonic acid, hydrazine monohydrate","76.0 g (0.630 mol), 161.0 g (92.1 mL, 1.39 mol), 63.0 g (61.0 mL, 1.26 mol)",mesitylenesulfonylhydrazine,95.4 g,"dichloromethane, tetrahydrofuran","-10°C to 0°C, room temperature",45 min,89%
volume74article24_2_1,"mesitylenesulfonylhydrazine, acetonitrile, 2,6-Dimethylcyclohexanone, sulfuric acid, potassium cyanide","56.0 g (0.262 mol), 175 mL, 32.2 g (0.255 mol), 10 drops, 27.2 g (0.418 mol)","(1α,2α,6β)-2,6-Dimethylcyclohexanecarbonitrile, (1α,2β,6α)-2,6-Dimethylcyclohexanecarbonitrile",25.5 g,acetonitrile,"Room temperature, reflux","12-18 hours, 10-12 hours",73%
volume74article25_1_1,"4-acetamidobenzenesulfonyl azide, acetonitrile, triethylamine, dimethyl malonate","72.3 mmol (17.36 g), 250 mL, 76.5 mmol (7.74 g), 72.0 mmol (9.51 g)",Dimethyl diazomalonate,8.26 g,N/A,"0°C, room temperature","10 min, 17 hours",73%
volume74article25_2_1,"Rhodium(II) acetate dimer, benzonitrile, dimethyl diazomalonate","0.230 mmol (0.102 g), 19.5 mmol (2.011 g), 29.4 mmol (4.65 g)","4-Carbomethoxy-5-methoxy-2-phenyl-1,3-oxazole",2.73-2.96 g,chloroform,reflux (68°C),45 hours,60-65%
volume74article26_1_1,"3,5-dimethoxyacetophenone, trifluoromethanesulfonic acid, bis(2,2,2-trichloroethyl) azodicarboxylate","20.00 g (111.0 mmol), 980 μL (11.1 mmol), 50.70 g (133.3 mmol)","1-(2-Acetyl-4,6-dimethoxyphenyl)-1,2-hydrazinedicarboxylic acid bis(2,2,2-trichloroethyl) ester",52.0 g (84%),"dichloromethane, ethyl acetate, hexane","Room temperature, reflux",5.5 hours,84%
volume74article27_1_1,"indole, butyllithium, tert-butyldimethylsilyl chloride, N-bromosuccinimide","8.0 g (0.068 mol), 47 mL (1.6 M solution, 0.075 mol), 11.6 g (0.077 mol), 12.18 g (0.0684 mol)",3-bromo-1-(tert-butyldimethylsilyl)indole,17.8 g (84%),tetrahydrofuran,-78°C to room temperature,2 hours,84%
volume74article27_2_1,"3-bromo-1-(tert-butyldimethylsilyl)indole, tert-butyllithium, ethyl iodide","10 g (0.032 mol), 41.7 mL (1.7 M solution), 5.2 mL (0.065 mol)",1-(tert-butyldimethylsilyl)-3-ethylindole,8.0 g,tetrahydrofuran,-78°C to room temperature,"10 min (at -78°C), 15 min (at room temperature)",96%
volume74article27_3_1,"1-(tert-butyldimethylsilyl)-3-ethylindole, tetrabutylammonium fluoride","8 g (0.031 mol), 31 mL (0.031 mol)",3-Ethylindole,4.1 g,tetrahydrofuran,Room temperature,10 min,92%
volume74article28_1_1,"acetophenone, p-toluenesulfonic acid monohydrate, morpholine, sulfur","24.0 g (0.2 mol), 1 g, 36.0 g (0.41 mol), 6.4 g (0.2 mol)",Phenylthioacetic acid morpholide,21.9 g,methanol,reflux,3 hours,49.5%
volume74article28_2_1,"phenylthioacetic acid morpholide, morpholine, triethyl orthoformate","22.3 g (0.1 mol), 26.1 g (0.3 mol), 67 mL (0.4 mol)",3-Morpholino-2-phenylthioacrylic acid morpholide,29.4 g (92%),"ethanol, chloroform, methanol",160-180°C,8 hours,92%
volume74article28_3_1,"3-morpholino-2-phenylthioacrylic acid morpholide, 4-bromophenacyl bromide, triethylamine","3.18 g (0.01 mol), 2.8 g (0.01 mol), 1.01 g (0.01 mol)",5-(4-Bromobenzoyl)-2-morpholino-3-phenylthiophene,4.15 g,methanol,"Boiling, reflux, 0°C","10 min, 1 hr",97%
volume75article1_1_1,"L-(+)-Tartaric acid, racemic trans-1,2-diaminocyclohexane, glacial acetic acid","75 g (0.5 mol), 114 g (120 mL, 1 mol), 50 mL","(R,R)-1,2-Diammoniumcyclohexane mono-(+)-tartrate",105-110 g,water,90°C to 5°C,3-4 hours,80-83%
volume75article1_2_1,"2,4-di-tert-butylphenol, hexamethylenetetramine, glacial acetic acid, aqueous sulfuric acid","125 g (0.60 mol), 170 g (1.20 mol), 300 mL, 300 mL","3,5-Di-tert-butylsalicylaldehyde",N/A,glacial acetic acid,125-135°C,2 hours,N/A
volume75article1_3_1,"(R,R)-1,2-diammoniumcyclohexane mono-(+)-tartrate salt, potassium carbonate, 3,5-di-tert-butylsalicylaldehyde","29.7 g (0.112 mol), 31.2 g (0.225 mol), 53.7 g (0.229 mol)","(R,R)-N,N'-Bis(3,5-di-tert-butylsalicylidene)-1,2-cyclohexanediamine",N/A,"water, ethanol, methylene chloride",reflux,2 hours,N/A
volume75article1_4_1,"manganese acetate tetrahydrate, (R,R)-N,N'-bis(3,5-di-tert-butylsalicylidene)-1,2-cyclohexanediamine","67.2 g (0.27 mol), 50.0 g (0.09 mol)","(R,R)-N,N'-Bis(3,5-di-tert-butylsalicylidene)-1,2-cyclohexanediamino manganese(III) chloride",N/A,"ethanol, toluene",reflux (75-80°C),2 hours,N/A
volume75article2_1_1,"(S)-(−)-1,1'-bi-2-naphthol, methylene chloride, titanium tetraisopropoxide, benzyloxyacetaldehyde, allyltributylstannane","1.14 g (4.0 mmol), 40 mL, 4.0 mL (4.0 mmol), 6.0 g (40 mmol), 15.9 g (14.9 mL, 48 mmol)",(S)-1-(phenylmethoxy)-4-penten-2-ol,6.16-6.69 g,methylene chloride,reflux,"1 hr, 5 min, 60 hr, 2 hr",80-87%
volume75article3_1_1,"(R)-(−)-2-phenylglycinol, potassium hydride, methyl iodide","25.0 g (182.2 mmol), 7.82 g (195 mmol), 25.2 g (177.6 mmol)",(R)-(−)-1-Amino-1-phenyl-2-methoxyethane,25.3 g,tetrahydrofuran,Room temperature,"Overnight, 2 hours, 3 hours",94%
volume75article3_2_1,"isovaleraldehyde, (R)-(−)-1-amino-1-phenyl-2-methoxyethane, dry toluene, anhydrous sodium sulfate, lithium diethyl phosphite","9.4 g (109 mmol), 16.5 g (109 mmol), 100 mL, 125 g, N/A",Diethyl (R)-(−)-[1-((N-(R)-(1-phenyl-2-methoxyethyl)amino)-3-methylbutyl)]phosphonate,30.5 g,"toluene, THF","0°C, ambient temperature",20 hours,85%
volume75article3_3_1,"4, absolute ethanol, palladium hydroxide on carbon","30.5 g (85.4 mmol), 600 mL, 35.5 g",Diethyl (R)-(−)-(1-amino-3-methylbutyl)phosphonate,15.5 g,ethanol,N/A,16 hours,82%
volume75article5_1_1,"L-Serine, potassium bromide, hydrobromic acid, sodium nitrite","52.5 g (0.5 mol), 200 g (1.7 mol), 123 mL (1.09 mol), 42.8 g (0.62 mol)",(S)-(−)-2-Bromo-3-hydroxypropanoic acid,74-75 g,water,-13°C to 0°C,6 hours,87-89%
volume75article5_1_2,"(S)-(−)-2-Bromo-3-hydroxypropanoic acid, potassium hydroxide, absolute ethanol","74.5 g (0.44 mol), 55.5 g (0.85 mol), 300 mL","Potassium (R)-(+)-2,3-epoxypropanoate",47-50 g,absolute ethanol,-20°C to 0°C,14 hours,74-80%
volume75article5_1_3,"Potassium (R)-(+)-2,3-epoxypropanoate, benzyltriethylammonium chloride, ethyl bromide","26 g (0.186 mol), 42.4 g (0.186 mol), 76 g (0.7 mol)","Ethyl (R)-(+)-2,3-epoxypropanoate",17.6 g,methylene chloride,reflux,16 hours,81%
volume75article6_1_1,"(1S,2R)-(+)-2-amino-1,2-diphenylethanol, triethylamine, triphosgene","20.0 g (94 mmol), 28.4 mL (204 mmol), 9.8 g (33 mmol)","(4R,5S)-4,5-Diphenyl-2-oxazolidinone",22.3 g,"dichloromethane, water, methanol",<10°C,2 hours,99.2%
volume75article6_2_1,"(4R,5S)-4,5-diphenyl-2-oxazolidinone, (±)-10-camphorsulfonic acid, acetaldehyde dimethyl acetal","20.0 g (84 mmol), 9.7 g (42 mmol), 700 mL","(4R,5S)-3-(1-Methoxyethyl)-4,5-diphenyl-2-oxazolidinone",22.2 g (89.3%),ethyl acetate,reflux (80°C),5 hours,89.3%
volume75article6_3_1,"(4R,5S)-3-(1-methoxyethyl)-4,5-diphenyl-2-oxazolidinone, ammonium chloride","8.9 g (30 mmol), 0.32 g (6.0 mmol)","(4R,5S)-4,5-Diphenyl-3-vinyl-2-oxazolidinone",6.68 g,CH2Cl2,150-170°C,3 hours,84.2%
volume75article7_1_1,"4-bromobenzaldehyde, benzeneboronic acid, palladium acetate, triphenylphosphine, sodium carbonate, water","50.0 g (0.270 mol), 34.6 g (0.284 mol), 0.182 g (0.811 mmol), 0.638 g (2.43 mmol), 162 mL, 95.0 mL",4-biphenylcarboxaldehyde,42.5 g,1-propanol,reflux,45 min,86.3%
volume75article8_1_1,"o-Tolylboronic acid, 4-iodoanisole, potassium carbonate, palladium acetate","10.0 g (73.6 mmol), 16.8 g (71.8 mmol), 25.0 g (0.180 mol), 3.30 mg (0.02 mmol)",4-Methoxy-2'-methylbiphenyl,12.8 g,"acetone, water, diethyl ether",Reflux,2 hours,90.3%
volume75article9_1_1,"2-cyclohexen-1-one, iodine","9.53 mL (9.46 g, 98.4 mmol), 53 g (0.21 mol)",2-iodo-2-cyclohexen-1-one,15.1 g (69%),"diethyl ether, pyridine",N/A,2.5 hours,69%
volume75article9_2_1,"2-iodo-2-cyclohexen-1-one, 4-methoxyphenylboronic acid, silver(I) oxide, triphenylarsine, palladium(II) bis(benzonitrile)dichloride","10.02 g (45.1 mmol), 10.69 g (70.4 mmol), 16.72 g (72.1 mmol), 0.85 g (2.8 mmol), 0.53 g (1.4 mmol)",2-(4-methoxyphenyl)-2-cyclohexen-1-one,7.1 g,"tetrahydrofuran, water",N/A,1 hour,78%
volume75article10_1_1,"racemic 3-butyn-2-ol, dimethylphenylsilane, sodium metal, bis(η-divinyltetramethyldisiloxane)tri-tert-butylphosphineplatinum(0)","10.0 g (0.143 mol), 21.4 g (0.157 mol), small piece, 12 mg (2.05 × 10−5 mol)",(±)-1-(Dimethylphenylsilyl)-1-buten-3-ol,25.4 g (123.23 mmol),tetrahydrofuran,reflux,12 hours,86%
volume75article10_2_1,"racemic secondary allylic alcohol 2a, lipase Amano AK, vinyl acetate","20.0 g (97.08 mmol), 10.0 g, 24.8 mL (269.1 mmol)","(3S)-1-(Dimethylphenylsilyl)-1-buten-3-ol, (3R)-1-(dimethylphenylsilyl)-1-buten-3-ol acetate","9.3 g, 11.56 g",pentane,25°C,4 hours,"46%, 48%"
volume75article10_3_1,"Acetate (R)-3b, lithium aluminum hydride","9.0 g (36.27 mmol), 1.81 g (47.79 mmol)",(3R)-1-(Dimethylphenylsilyl)-1-buten-3-ol,6.27 g (30.42 mmol),Et2O,0°C,15 min,83%
volume75article10_4_1,"alcohol 3a, trimethyl orthoacetate, propionic acid","6.0 g (29.11 mmol), 15 mL (116.89 mmol), 0.15 mL (2.01 mmol)","(3S, 4E)-Methyl 3-(dimethylphenylsilyl)-4-hexenoate",6.58 g,dry toluene,reflux,48 hours,86%
volume75article11_1_1,"pentaerythritol, pyridine, thionyl chloride","417 g (3.06 mol), 730 g (9.24 mol), 1.134 kg (9.53 mol)",pentaerythrityl trichlorohydrin,330 g,N/A,"65-95°C, 120-130°C",4-5 hours,57%
volume75article11_2_1,"pentaerythrityl tetrachloride, pentaerythrityl trichlorohydrin, concentrated nitric acid","461 g, N/A, 10-15 mL",Tris(chloromethyl)acetic acid,230 g (65% yield),N/A,70-80°C,N/A,65-80%
volume75article11_3_1,Tris(chloromethyl)acetic acid,205 g (1.00 mol),3-Chloro-2-(chloromethyl)-1-propene,115 g,N/A,205-215°C,Varies,92%
volume75article12_1_1,"3-chloro-2-(chloromethyl)propene, bromoform, pinacol, dibenzo-18-crown-6, sodium hydroxide","54.1 g (0.403 mol), 212 g (0.805 mol), 1.70-2.00 g (14.4-16.9 mmol), 1.45 g (3.94 mmol), 312 g","1,1-Dibromo-2,2-bis(chloromethyl)cyclopropane",70-95 g,water,"49-50°C, 40°C",4 days,60-80%
volume75article12_2_1,"Material from part A, methyllithium","25 g (0.085 mol), 132 mL of a 1.4 M (0.185 mol) solution",[1.1.1]Propellane,75-88%,pentane,"-78°C, 0°C","10-15 min, 1 hour",N/A
volume75article13_1_1,"methyl acrylate, acetaldehyde, 1,4-diazabicyclo[2.2.2]octane, methanol","90.05 mL (1.0 mol), 80 mL (1.43 mol), 11.22 g (0.1 mol), 4.0 mL (0.1 mol)",methyl 3-hydroxy-2-methylenebutanoate,102.1 g,ethyl acetate,room temperature,48 hours,79%
volume75article13_2_1,"methyl 3-hydroxy-2-methylenebutanoate, benzylamine","68.7 g (0.53 mol), 57.7 mL (0.53 mol)",methyl 2-(benzylamino)methyl-3-hydroxybutanoate,125.6 g,methanol,room temperature,48 hours,100%
volume75article13_3_1,"magnesium turnings, tert-Butyl chloride, methyl 2-(benzylamino)methyl-3-hydroxybutanoate","12.24 g (0.50 mol), 60.0 mL (0.55 mol), 30.0 g (0.13 mol)",N-Benzyl-3-(1-hydroxyethyl)azetidin-2-one,19.45-21.85 g,tetrahydrofuran,"reflux, room temperature","1 hour, 3 hours",73-82%
volume75article13_4_1,"N-benzyl-3-(1-hydroxyethyl)azetidin-2-one, triethylamine, methanesulfonyl chloride","9.60 g (0.047 mol), 13.0 mL (0.093 mol), 4.0 mL (0.052 mol)",N-Benzyl-3-(Z/E)-ethylideneazetidin-2-one,7.02 g,"dichloromethane, benzene","0°C, reflux","1 hour, 8 hours",79.9%
volume75article13_5_1,"N-Benzyl-3-(Z/E)-ethylideneazetidin-2-one, sodium metaperiodate, osmium tetraoxide","5.0 g (26.7 mmol), 14.3 g (67.0 mmol), 40 mg","N-Benzylazetidine-2,3-dione",3.12-3.64 g,"methanol, water",N/A,12 hours,66.7-77.9%
volume75article14_1_1,"diisopropylamine, butyllithium, phenyl 2-methylpropanoate, cyclohexanone","18.2 g (25.3 mL, 0.180 mol), 105.8 mL (0.165 mol), 27.09 g (0.165 mol), 14.72 g (0.150 mol)","3,3-dimethyl-1-oxaspiro[3.5]nonan-2-one",91%,tetrahydrofuran,-90°C to ambient temperature,overnight,91%
volume75article15_1_1,"N-hydroxythiopyridone, dicyclohexylcarbodiimide, 10-undecenoic acid","3.61 g (28.4 mmol), 6.20 g (30.0 mmol), 4.99 g (27.1 mmol)",N-(10-Undecenoyloxy)pyridine-2-thione,8.06 g,methylene chloride,0°C to room temperature,8 hours,N/A
volume75article15_1_2,"Barton ester, methylene chloride, bromotrichloromethane","8.06 g (27.1 mmol), 100 mL, 3 mL (30.0 mmol)",Dec-9-enyl bromide,5.81 g,methylene chloride,reflux,30 minutes,98%
volume75article16_2_1,"(2-bromoallyl)diisopropoxyborane, ethyl levulinate","16.2 g (0.065 mol), 9.96 g (0.069 mol)",4-(2-bromo-2-propenyl)-4-methyl-γ-butyrolactone,9.22 g,tetrahydrofuran,"0°C, room temperature","1 hour, overnight",65%
volume75article17_1_1,"2,3-O-isopropylidene-D-glyceraldehyde, methyl (triphenylphosphoranylidene)acetate, methanol","35.5 g (0.27 mol), 96 g (0.28 mol), 250 mL",(5S)-(5-O-tert-Butyldimethylsiloxymethyl)furan-2(5H)-one,45 g,"ether, petroleum ether",0°C,1 hour,100%
volume75article17_1_2,"(5S)-(5-O-tert-Butyldimethylsiloxymethyl)furan-2(5H)-one, benzophenone","29.5 g (0.13 mol), 23.7 g (0.13 mol)","(4R,5S)-4-Hydroxymethyl-(5-O-tert-butyldimethylsiloxymethyl)furan-2(5H)-one",18.5 g,methanol,N/A,48 hours,55%
volume75article18_1_1,"DMSO, acetonitrile, water, CuCN, sodium iodide, phenylacetylene, TMSCl","240 mL, 80 mL, 4.3 mL, 43.0 g, 2.4 g, 17.6 mL, 60.6 mL",3-Phenyl-2-propynenitrile,9.8 g,"water, ether",50°C,72 hours,48%
volume75article19_1_1,"Sodium hydride, 3-phenylpropyltriphenylphosphonium bromide, ethyl trifluoroacetate","2.31 g (77 mmol), 32.3 g (70 mmol), 10.0 g (70 mmol)","(Z)-1,1,1-Trifluoro-2-ethoxy-5-phenyl-2-pentene",12.0-12.8 g,"tetrahydrofuran, pentane, diethyl ether","Reflux, 0°C","5 hours, 1 hour",70-75%
volume75article20_1_1,"vinyltrimethylsilane, methanol, tert-butyl perbenzoate, sodium bisulfite","28.0 mL, 70 mL, 0.70 mL, 36.1 g",Sodium β-trimethylsilylethanesulfonate,29.0-31.9 g,"water, methanol",50°C,48 hours,78-86%
volume75article20_2_1,"sulfonate salt 1, thionyl chloride, N,N-Dimethylformamide","29.0 g, 80 mL (1.10 mol), 0.40 mL (0.38 g, 5.2 mmol)",2-Trimethylsilylethylsulfonyl chloride,19.3-22.0 g,N/A,"0°C, room temperature",overnight,68-77% (53-66% overall yield)
volume75article21_1_1,"1,2-cyclohexanedione, methanol, trimethyl orthoformate","44.8 g (0.400 mol), 100 mL, 160 mL (1.46 mol)","1,1,2,2-tetramethoxycyclohexane",59.5 g,methanol,reflux,5 hours,73%
volume75article21_2_1,"methyl-α-D-mannopyranoside, 1,1,2,2-tetramethoxycyclohexane, trimethyl orthoformate, camphorsulfonic acid","30 g (0.15 mol), 59.5 g (0.29 mol), 16.1 g (0.15 mol), 3.48 g (0.015 mol)","(1'S,2'S)-Methyl-3O,4O-(1',2'-dimethoxycyclohexane-1',2'-diyl)-α-D-mannopyranoside",20.8-23.2 g,MeOH,reflux,16 hours,41-46%
volume75article22_1_1,"4-methyl-1,3-dioxane, zinc chloride, acetyl chloride, N,N-diisopropylethylamine, methanol","30.0 g (0.294 mol), 0.5 mL, 25.0 mL (0.352 mol), 61.0 mL (0.350 mol), 45.0 mL (1.11 mol)",1-acetoxy-3-(methoxymethoxy)butane,40.0-47.2 g,"diethyl ether, pentane","Room temperature, ice bath","3 hours, 1 hour",77-91%
volume75article22_2_1,"1-acetoxy-3-(methoxymethoxy)butane, potassium carbonate","17.6 g (0.10 mol), 35.0 g (0.253 mol)",3-(Methoxymethoxy)-1-butanol,11.9-12.4 g,"methanol, water",Room temperature,2 hours,89-92%
volume75article23_1_1,"chlorotriphenylmethane, 4-dimethylaminopyridine","30.6 g (0.1 mol), 12.2 g (0.1 mol)",4-dimethylamino-N-triphenylmethylpyridinium chloride,38.6 g,"dichloromethane, ethyl acetate",20-25°C,3 hours,96%
volume75article24_1_1,"1,3-cyclopentanedione, 1,3,5-trioxane, boron trifluoride etherate","10.0 g (0.1019 mol), 55.0 g (0.6106 mol), 37.6 mL (0.3057 mol)","6,7-dihydrocyclopenta-1,3-dioxin-5(4H)-one",10.3 g,dichloromethane,Room temperature,48 hours,72%
volume75article25_1_1,"dimethyl malonate, N,N'-dimethylpropyleneurea, tetrahydrofuran, lithium hydride, cis-1,4-dichloro-2-butene, lithium hydroxide monohydrate","33.0 g (0.250 mol), 50 mL, 450 mL, 5.00 g (0.629 mol), 28.4 mL (0.269 mol), 31.5 g (0.750 mol)","3-Cyclopentene-1,1-dicarboxylic acid",35.8 g,THF,40-45°C,24 hours,92%
volume75article25_2_1,"3-cyclopentene-1,1-dicarboxylic acid",35.8 g,3-Cyclopentene-1-carboxylic acid,23.0 g,N/A,170-175°C,2 hours,89% (82% overall from dimethyl malonate)
volume75article27_1_1,"cycloheptatrienylium tetrafluoroborate, bromomalononitrile","17.79 g (0.1 mol), 14.49 g (0.1 mol)","8,8-dicyanoheptafulvene",12.34 g,"pyridine, chloroform","0°C, 40°C","1 hour, 5 hours",80.0%
volume75article28_1_1,"60% sodium hydride, N-vinylpyrrolidin-2-one, ethyl benzoate","26.7 g (0.665 mol), 55.0 g (0.50 mol), 75.0 g (0.50 mol)",3-Benzoyl-N-vinylpyrrolidin-2-one,>108 g,toluene,reflux,10 hours,>100%
volume75article29_3_1,"crude benzamide 2, concentrated sulfuric acid","56.0 g (0.17 mol), 275 mL","4a(S),8a(R)-2-Benzoyl-1,3,4,4a,5,8a-hexahydro-6(2H)-isoquinolinone",34.7 g,CH2Cl2,"0-10°C, 30°C",2 hours,80%
