Index,Procedure,Results
angew_2015_1,"To a flame-dried Schlenk tube equipped with a magnetic stir bar was added tert-butyl 2-methyl-3-oxobutanoate (1a, 0.15 mmol), cinnamyl alcohol (2a, 0.1 mmol), [Pd(allyl)Cl]2 (5 mol%), PPh3 (20 mol%) and primary amine (4b or 4f, 20 mol%), the mixture was diluted with 0.5 mL of anhydrous CH3CN, then degassed for 3 times under standard freeze-thaw method. The reaction was conducted at 40 oC for 36 or 72 h, the solvent was removed and residue was purified by silica gel chromatography (5% EtOAc in Petroleum ether) to give 3aa as a colorless oil. The enantiometric excess was determined by HPLC (OJ-H).","| Reactants | Reactant amounts | Products | Product amounts | Solvents | Reaction temperature | Reaction time | Yield |
|-----------|-----------------|----------|-----------------|-----------|----------------------|----------------|-------|
| tert-butyl 2-methyl-3-oxobutanoate (1a), cinnamyl alcohol (2a), [Pd(allyl)Cl]2, PPh3, primary amine (4b or 4f), CH3CN | 0.15 mmol, 0.1 mmol, 5 mol%, 20 mol%, 20 mol%, 0.5 mL | 3aa | N/A | CH3CN | 40 oC | 36 or 72 h | N/A |"
angew_2015_2,"Gram scale experiments with 1a and 1j: To a flame-dried Schlenk tube equipped with a magnetic stir bar was added substates 1a or 1j (1.5 mmol), allylic alcohol (1.0 mmol), [Pd(allyl)Cl]2 (2.5 mol%), PPh3 (10 mol%) and primary amine (4b, 10 mol%), the mixture was diluted with 4.5 mL of anhydrous CH3CN, then degassed for 3 times under standard freeze-thaw method. The reaction was conducted at 40 oC for several days, the solvent was removed and residue was purified by silica gel chromatography (5% EtOAc in Petroleum ether) to afford 3ah (method B: 3 d, 216 mg, 67% yield, 93% ee) and 3ja (method A: 5 d, 208 mg, 73% yield, 95% ee; method B: 3 d, 223 mg, 78% yield, 91% ee). The enantiometric excess was determined by HPLC (OJ-H).","| Reactants | Reactant amounts | Products | Product amounts | Solvents | Reaction temperature | Reaction time | Yield |
|-----------|-----------------|----------|-----------------|-----------|----------------------|----------------|-------|
| 1a or 1j, allylic alcohol, [Pd(allyl)Cl]2, PPh3, primary amine (4b), CH3CN | 1.5 mmol, 1.0 mmol, 2.5 mol%, 10 mol%, 10 mol%, 4.5 mL | 3ah, 3ja | 216 mg (67% yield, 93% ee), 208 mg (73% yield, 95% ee), 223 mg (78% yield, 91% ee) | CH3CN | 40 oC | 3 d, 5 d | 67%, 73%, 78% |

Note: The table includes both methods A and B for the synthesis of 3ja, with their respective yields and enantiomeric excess (ee) values. The reaction times and yields are separated by commas to reflect the different conditions for each method."
CCSC_2021_1,"To a flame-dried Schlenk tube equipped with a magnetic stir bar was added β-ketocarbonyl (2, 0.1 mmol), primary amine 1a/TfOH (20 mol%, 7.0 mg), Pd(OAc)2 precursor (5 mol%, 1.1 mg), DPEPhos (10 mol%, 5.40 mg), followed by butadiene (0.5 mL, 2M in THF). The reaction mixture was stirred at 60 oC, under Ar for 60 h. Then solvent was removed and the residue was purified by silica gel column (Hexane: EtOAc = 50 : 1) to give 4. The 4/5 value was determined by NMR. The enantiometric excess was determined by GC or HPLC after one step transformation via olefin metathesis reaction with 2nd Grubbs catalyst.","| Reactants | Reactant amounts | Products | Product amounts | Solvents | Reaction temperature | Reaction time | Yield |
|-----------|-----------------|----------|-----------------|-----------|----------------------|----------------|-------|
| β-ketocarbonyl (2), primary amine 1a/TfOH, Pd(OAc)2 precursor, DPEPhos, butadiene (2M in THF) | 0.1 mmol, 7.0 mg (20 mol%), 1.1 mg (5 mol%), 5.40 mg (10 mol%), 0.5 mL | 4 | N/A | THF | 60°C | 60 h | N/A |"
CCSC_2021_2,"To a flame-dried Schlenk tube equipped with a magnetic stir bar was added β-ketocarbonyl (2, 0.1 mmol), primary amine 1a/TfOH (20 mol%, 7.0 mg), Pd(C3H5)Cp precursor (5 mol%, 1.1 mg), Tri-p-tolylphosphine (10 mol%, 3.0 mg), followed by butadiene (0.5 mL, 2M in THF). The reaction mixture was stirred under Ar, at 60 oC for 60 h. Then solvent was removed and the residue was purified by silica gel column (Hexane: EtOAc = 50 : 1) to give 5. The 5/4 value was determined by NMR. The enantiometric excess was determined by GC or HPLC after one step transformation via olefin metathesis reaction with 2nd Grubbs catalyst.","| Reactants | Reactant amounts | Products | Product amounts | Solvents | Reaction temperature | Reaction time | Yield |
|-----------|-----------------|----------|-----------------|-----------|----------------------|----------------|-------|
| β-ketocarbonyl (2), primary amine 1a/TfOH, Pd(C3H5)Cp precursor, Tri-p-tolylphosphine, butadiene (2M in THF) | 0.1 mmol, 7.0 mg (20 mol%), 1.1 mg (5 mol%), 3.0 mg (10 mol%), 0.5 mL | 5 | N/A | THF | 60°C | 60 h | N/A |"
CCSC_2021_3,"To a flame-dried Schlenk tube equipped with a magnetic stir bar was added α-branched aldehydes (6, 0.1 mmol), primary amine 1c/NHTf2 (20 mol%, 11.2 mg), Pd(C3H5)Cp precursor (5 mol%, 1.1 mg), Tri-p-tolylphosphine (10 mol%, 3.0 mg), followed by butadiene (0.5 mL, 2M in THF). The reaction mixture was stirred under Ar, at 60 oC for 60 h. Then solvent was removed and the residue was purified by silica gel column (Hexane: EtOAc = 50 : 1) to give main product 8. The 8/7 value was determined by NMR. The enantiometric excess was determined by HPLC after one step transformation via olefin metathesis reaction with 2nd Grubbs catalyst.","| Reactants | Reactant amounts | Products | Product amounts | Solvents | Reaction temperature | Reaction time | Yield |
|-----------|-----------------|----------|-----------------|-----------|----------------------|----------------|-------|
| α-branched aldehydes (6), primary amine 1c/NHTf2, Pd(C3H5)Cp precursor, Tri-p-tolylphosphine, butadiene (2M in THF) | 0.1 mmol, 11.2 mg (20 mol%), 1.1 mg (5 mol%), 3.0 mg (10 mol%), 0.5 mL | 8 | N/A | THF | 60°C | 60 h | N/A |"
CCSC_2021_4,"To a flame-dried Schlenk tube equipped with a magnetic stir bar was added β-ketocarbonyl (2a, 2.0 mmol), primary amine 1a/TfOH (20 mol%, 140.0 mg), Pd(OAc)2 precursor (5 mol%, 22.0 mg), DPEPhos (10 mol%, 108.0 mg), followed by butadiene (6.0 mL, 2M in THF). The reaction mixture was stirred at 60 oC, under Ar for 60 h. Then solvent was removed and the residue was purified by silica gel column (Hexane: EtOAc = 50 : 1) to give 4a in 82% yield. The 4a/5a value was determined by NMR. The enantiometric excess was determined by HPLC after one step transformation via olefin metathesis reaction with 2nd Grubbs catalyst.","| Reactants | Reactant amounts | Products | Product amounts | Solvents | Reaction temperature | Reaction time | Yield |
|-----------|-----------------|----------|-----------------|-----------|----------------------|----------------|-------|
| β-ketocarbonyl (2a), primary amine 1a/TfOH, Pd(OAc)2 precursor, DPEPhos, butadiene (2M in THF) | 2.0 mmol, 140.0 mg (20 mol%), 22.0 mg (5 mol%), 108.0 mg (10 mol%), 6.0 mL | 4a | N/A | THF | 60°C | 60 h | 82% |"
CCSC_2021_5,"To a flame-dried Schlenk tube equipped with a magnetic stir bar was added β-ketocarbonyl (2a, 2.0 mmol), primary amine 1a/TfOH (20 mol%, 140.0 mg), Pd(C3H5)Cp precursor (5 mol%, 22.0 mg), Tri-p-tolylphosphine (10 mol%, 60.0 mg), followed by butadiene (0.5 mL, 2M in THF). The reaction mixture was stirred under Ar, at 60 oC for 60 h. Then solvent was removed and the residue was purified by silica gel column (Hexane: EtOAc = 50 : 1) to give 5a in 75% yield. The 5a/4a value was determined by NMR. The enantiometric excess was determined by HPLC after one step transformation via olefin metathesis reaction with 2nd Grubbs catalyst.","| Reactants | Reactant amounts | Products | Product amounts | Solvents | Reaction temperature | Reaction time | Yield |
|-----------|-----------------|----------|-----------------|-----------|----------------------|----------------|-------|
| β-ketocarbonyl (2a), primary amine (1a/TfOH), Pd(C3H5)Cp precursor, Tri-p-tolylphosphine, butadiene (2M in THF) | 2.0 mmol, 140.0 mg (20 mol%), 22.0 mg (5 mol%), 60.0 mg (10 mol%), 0.5 mL | 5a | N/A | THF | 60°C | 60 h | 75% |"
CCSC_2021_6,"To a 10 mL tube equipped with a magnetic stir bar was added 0.1 mmol 5h, 0.1 mmol PhNHNH2, 0.5 mL CH2Cl2, followed by 0.15 mmol. The reaction mixture was stirred at room temperature for 12 h. Then solvent was removed and the residue was purified by silica gel column (Hexane: EtOAc = 50 : 1) to give 26.5 mg 9 70% yield.","| Reactants | Reactant amounts | Products | Product amounts | Solvents | Reaction temperature | Reaction time | Yield |
|-----------|-----------------|----------|-----------------|-----------|----------------------|----------------|-------|
| 5h, PhNHNH2, CH2Cl2 | 0.1 mmol, 0.1 mmol, 0.5 mL, 0.15 mmol | 9 | 26.5 mg | CH2Cl2 | room temperature | 12 h | 70% |"
CCSC_2021_7,"To a 10 mL tube equipped with a magnetic stir bar was added 0.1 mmol 4a, 0.3 mmol NH2OH/HCl, 0.1 mmol NaOAc, followed by 0.3 mL EtOH/H2O (5:1). The reaction mixture was stirred at 80 oC for 72 h. Then solvent was removed and the residue was purified by silica gel column (Hexane: EtOAc = 8 : 1) to give 8.0 mg 10 in 48% yield.","| Reactants | Reactant amounts | Products | Product amounts | Solvents | Reaction temperature | Reaction time | Yield |
|-----------|-----------------|----------|-----------------|-----------|----------------------|----------------|-------|
| 4a, NH2OH/HCl, NaOAc, EtOH/H2O | 0.1 mmol, 0.3 mmol, 0.1 mmol, 0.3 mL (5:1) | 10 | 8.0 mg | EtOH/H2O | 80 oC | 72 h | 48% |"
CCSC_2021_8,"To a 10 mL tube equipped with a magnetic stir bar was added 0.1 mmol 5a, 0.1 mmol PhNHNH2, 0.12 mmol AcOH, followed by 0.5 mL EtOH. The reaction mixture was stirred at room temperature for 24 h. Then solvent was removed and the residue was purified by silica gel column (Hexane: EtOAc = 50 : 1) to give 22.2 mg 11 75% yield.","| Reactants | Reactant amounts | Products | Product amounts | Solvents | Reaction temperature | Reaction time | Yield |
|-----------|-----------------|----------|-----------------|-----------|----------------------|----------------|-------|
| 5a, PhNHNH2, AcOH, EtOH | 0.1 mmol, 0.1 mmol, 0.12 mmol, 0.5 mL | 11 | 22.2 mg | EtOH | room temperature | 24 h | 75% |"
nat-com_2023_1,"In glove box, to a flame-dried Schlenk tube equipped with a magnetic stir bar was added tert-butyl 2-methyl-3 oxobutanoate (2a, 0.30 mmol), enyne (1h, 0.10 mmol), Pd(PPh3)4 (5 mol%), (S)-SEGphos (5 mol%), NaBArF4 and primary amine (S) A0 or (R)-A0 (20 mol%), the mixture was diluted with 0.3 mL of anhydrous EA, then the mixture was moved out from glove box and stirred at 40 oC for 24 h, solvent was removed and residue was purified by silica gel chromatography (10% EtOAc in Petroleum ether) to give 3h as a colorless oil.","| Reactants | Reactant amounts | Products | Product amounts | Solvents | Reaction temperature | Reaction time | Yield |
|-----------|-----------------|----------|-----------------|-----------|----------------------|----------------|-------|
| tert-butyl 2-methyl-3 oxobutanoate (2a), enyne (1h), Pd(PPh3)4, (S)-SEGphos, NaBArF4, primary amine (S) A0 or (R)-A0, EA | 0.30 mmol, 0.10 mmol, 5 mol%, 5 mol%, N/A, 20 mol%, 0.3 mL | 3h | N/A | EA | 40 oC | 24 h | N/A |"
nat-com_2023_2,"In glove box, to a flame-dried Schlenk tube equipped with a magnetic stir bar was added tert-butyl 2-methyl-3 oxobutanoate (2a, 0.30 mmol), enyne (1h, 0.10 mmol), Pd(PPh3)4 (5 mol%), (R)-BINAP (5 mol%), NaBArF4 and primary amine (S)-A0 or (R)-A0 (20 mol%), the mixture was diluted with 0.3 mL of anhydrous EA, then the mixture was moved out from glove box and stirred at 40 oC for 24 h, solvent was removed and residue was purified by silica gel chromatography (10% EtOAc in Petroleum ether) to give 3h as a colorless oil.","| Reactants | Reactant amounts | Products | Product amounts | Solvents | Reaction temperature | Reaction time | Yield |
|-----------|-----------------|----------|-----------------|-----------|----------------------|----------------|-------|
| tert-butyl 2-methyl-3 oxobutanoate (2a), enyne (1h), Pd(PPh3)4, (R)-BINAP, NaBArF4, (S)-A0 or (R)-A0, EA | 0.30 mmol, 0.10 mmol, 5 mol%, 5 mol%, 20 mol%, 0.3 mL | 3h | N/A | EA | 40 oC | 24 h | N/A |"
nat-com_2023_3,"In glove box, Pd(PPh3)4 (289 mg, 0.25 mmol, 5 mol%) and (S)-SEGphos (155 mg, 0.25 mmol, 5 mol%), NaBArF4 (318.6 mg, 0.3 mmol, 6 mol%), primary amine (S)-A1 (350 mg, 1 mmol, 20 mol%) were dissolved in dry EtOAc (15 mL). To the solution, substrate entry 1a (0.73 g, 5 mmol), tert-butyl 2-methyl-3-oxobutanoate 2a (2.58 g, 15 mmol) were added sequentially. The mixture was moved out from glove box and stirred at 40 oC under atmospheric pressure for 2 days. Then EtOAc (100 mL) was added to dilute the mixture, which was quenched with saturated NH4Cl solution (100 mL). Then the mixture was extracted with EtOAc (100 mL x 3). The combined organic layer was washed with brine (200 mL x 2), dried over anhydrous Na2SO4 , filtered, and concentrated under vacuum. The residue was subjected to flash column chromatography for purification using petroleum ether/EtOAc (10:1) as eluent to give (S,S)-3l (0.97 g, 61% yield, 19:1 dr, 98% ee).","| Reactants | Reactant amounts | Products | Product amounts | Solvents | Reaction temperature | Reaction time | Yield |
|-----------|-----------------|----------|-----------------|-----------|----------------------|----------------|-------|
| Pd(PPh3)4, (S)-SEGphos, NaBArF4, (S)-A1, substrate entry 1a, tert-butyl 2-methyl-3-oxobutanoate (2a), EtOAc | 289 mg (0.25 mmol, 5 mol%), 155 mg (0.25 mmol, 5 mol%), 318.6 mg (0.3 mmol, 6 mol%), 350 mg (1 mmol, 20 mol%), 0.73 g (5 mmol), 2.58 g (15 mmol), 15 mL | (S,S)-3l | 0.97 g | EtOAc | 40°C | 2 days | 61% |"
nat-com_2023_4,"A mixture of the hydrazine (19.8 mg, 0.1 mmol) and 3a (30 mg, 0.1 mmol) in methanol with the addition of conc. HCl was tirred under room temperature for 2 h. It was filtered off and concentrated in vacuo. The residue was purified by column chromatography (EtOAc:hexane = 1:10) to obtain a bright-yellow solid. Yield of 5a 32.16 mg (67%).","| Reactants | Reactant amounts | Products | Product amounts | Solvents | Reaction temperature | Reaction time | Yield |
|-----------|-----------------|----------|-----------------|-----------|----------------------|----------------|-------|
| hydrazine, 3a, methanol, conc. HCl | 19.8 mg (0.1 mmol), 30 mg (0.1 mmol), N/A, N/A | 5a | 32.16 mg | methanol | room temperature | 2 h | 67% |"
nat-com_2023_5,"To a stirred solution of 3a (120 mg, 0.4 mmol) in THF (2 mL) was added NaBH4 (60.5 mg, 1.6 mmol) at room temperature, and the resulting mixture was stirred for 2 h. The reaction mixture was poured into 3 M HCl. Then, saturated aqueous NaHCO3 solution was added to neutralize the mixture, and the resulting mixture was concentrated in vacuo. The residue was extracted with EtOAc twice. The combined organic phases were washed with brine, dried over MgSO4, filtered, and concentrated in vacuo. The residue was purified by column chromatography (EtOAc:hexane = 1:10). Yield 5b (118.4 mg, 98%) as a white solid and a mixture of diastereomers.","| Reactants | Reactant amounts | Products | Product amounts | Solvents | Reaction temperature | Reaction time | Yield |
|-----------|-----------------|----------|-----------------|-----------|----------------------|----------------|-------|
| 3a, NaBH4, THF | 120 mg (0.4 mmol), 60.5 mg (1.6 mmol), 2 mL | 5b | 118.4 mg | THF | room temperature | 2 h | 98% |"
chem-com_2020_1,"To a solution of 1,4-dimethoxybenzene (10.00 g, 72.46 mmol, 1.0 equiv.) and AlCl3 (10.60 g, 79.71 mmol, 1.1 equiv.) in DCM (50 mL) at 0 °C were added chloroacetyl chloride (7.50 mL, 94.20 mmol, 1.3 equiv.) dropwise and stirred for 30 min at 0℃ and then for 12 h at room temperature. The reaction was poured into a mixture of crushed ice and 21 mL Conc. HCl and stirred for 20 minutes again, the mixture was extracted with DCM (3 × 80 mL). The combined organic layers were washed with H2O (2 × 100 mL), brine (100 mL), dried over Na2SO4 and concentrated under reduced pressure to afford crude product. It was crystallized from methanol to afford 1 (13.18 g, 85% yield) as white solid (mp: 84-86℃).","| Reactants | Reactant amounts | Products | Product amounts | Solvents | Reaction temperature | Reaction time | Yield |
|-----------|-----------------|----------|-----------------|-----------|----------------------|----------------|-------|
| 1,4-dimethoxybenzene, AlCl3, chloroacetyl chloride, DCM | 10.00 g (72.46 mmol, 1.0 equiv.), 10.60 g (79.71 mmol, 1.1 equiv.), 7.50 mL (94.20 mmol, 1.3 equiv.), 50 mL | 1 | 13.18 g | DCM | 0 °C, room temperature | 30 min at 0°C, 12 h at room temperature | 85% |"
chem-com_2020_2,"To a solution of 1 (6.00 g, 28.03 mmol, 1.0 equiv.) and ethyl 2-oxocyclopentane carboxylate (6.56 g, 42.05 mmol, 1.5 equiv.) in DMF (65 mL) were added Cs2CO3 (12.79 g, 39.24 mmol, 1.4 equiv.) and KI (4.65 g, 28.03 mmol, 1.0 equiv.). The mixture was stirred at room temperature for 1 h. The reaction was quenched by addition of H2O (100 mL), and the mixture was extracted with ethyl acetate (3 × 80 mL). The combined organic layers were washed with H2O (2 × 100 mL), brine (100 mL), dried over Na2SO4 and concentrated under reduced pressure to afford crude product. It was purified by flash chromatography (petroleum ether/EtOAc = 6/1) to afford 2 (8.80 g, 94% yield) as pale yellow oil.","| Reactants | Reactant amounts | Products | Product amounts | Solvents | Reaction temperature | Reaction time | Yield |
|-----------|-----------------|----------|-----------------|-----------|----------------------|----------------|-------|
| 1, ethyl 2-oxocyclopentane carboxylate, Cs2CO3, KI, DMF | 6.00 g (28.03 mmol, 1.0 equiv.), 6.56 g (42.05 mmol, 1.5 equiv.), 12.79 g (39.24 mmol, 1.4 equiv.), 4.65 g (28.03 mmol, 1.0 equiv.), 65 mL | 2 | 8.80 g | DMF | room temperature | 1 h | 94% |"
chem-com_2020_3,"An oven-dried 25 mL schlenk tube was charged with primary- tertiary diamine (257 mg, 0.80 mmol, 0.2 equiv.), phenacyl bromide (1.02 g, 4.00 mmol, 1 equiv.) and NaHCO3 (336 mg, 4.00 mmol, 1 equiv.). The tube was purged with a stream of nitrogen, 8 mL of dry CH3CN (with cyclic β-keto-ester, 16 mmol, 4 equiv.) was added via syringe. The resultant mixture was degassed three times. Then the tube was placed approximately 3 cm to 40W black light bulb (main wavelength: 365 nm) and stirred at room temperature. After the reaction was completed (TLC analysis, about 3 days). Solvent was removed and the residue was purified directly by silica gel column to give the target product (31% yield, 96% ee).","| Reactants | Reactant amounts | Products | Product amounts | Solvents | Reaction temperature | Reaction time | Yield |
|-----------|-----------------|----------|-----------------|-----------|----------------------|----------------|-------|
| primary-tertiary diamine, phenacyl bromide, NaHCO3, CH3CN (with cyclic β-keto-ester) | 257 mg (0.80 mmol, 0.2 equiv.), 1.02 g (4.00 mmol, 1 equiv.), 336 mg (4.00 mmol, 1 equiv.), 8 mL (16 mmol, 4 equiv.) | target product | N/A | CH3CN | room temperature | 3 days | 31% (96% ee) |"
chem-com_2020_4,"An oven-dried 10 mL schlenk tube was charged with primary-tertiary diamine (257 mg, 0.80 mmol, 0.2 equiv.), phenacyl bromide (1.02 g, 4.00 mmol, 1 equiv.), Ru (bpy)3Cl2·6H2O (171 mg, 0.20 mmol, 0.05 equiv.) and NaHCO3 (336 mg, 4.00 mmol, 1 equiv.) . The tube was purged with a stream of nitrogen, 2 mL of dry CH3CN (with cyclic β-keto-ester, 1.6 mmol, 4 equiv.) was added via syringe. The resultant mixture was degassed three times. Then the tube was placed approximately 3 cm to 36W CFL and stirred at room temperature. After the reaction was complete (TLC analysis, about 2 days). Solvent was removed and the residue was purified directly by silica gel column to give the target products (71% yield, 99% ee).","| Reactants | Reactant amounts | Products | Product amounts | Solvents | Reaction temperature | Reaction time | Yield |
|-----------|-----------------|----------|-----------------|-----------|----------------------|----------------|-------|
| primary-tertiary diamine, phenacyl bromide, Ru(bpy)3Cl2·6H2O, NaHCO3, CH3CN (with cyclic β-keto-ester) | 257 mg (0.80 mmol, 0.2 equiv.), 1.02 g (4.00 mmol, 1 equiv.), 171 mg (0.20 mmol, 0.05 equiv.), 336 mg (4.00 mmol, 1 equiv.), 2 mL (1.6 mmol, 4 equiv.) | target products | N/A | CH3CN | room temperature | about 2 days | 71% (99% ee) |"
chem-com_2020_5,"A round-bottomed 2000 mL flask with a magnetic stirring bar was charged with an aqueous solution of 20 % sucrose (260 g) in water (1300 mL) followed by Baker’s yeast (56 g) and CuO (4.12 g , 51.49 mmol, 1 equiv.), HCOONH4 (6.48 g, 102.98 mmol, 2 equiv.). To this resulting grayish solution was added β-keto-ester 4 (10.00 g, 51.49 mmol, 1 equiv.) dropwise. The reaction was vigorously stirred at 30 °C under air for 21 h. The suspension was then filtered through Celite pad. The solid (Baker’s yeast, CuO and Celite) were then stirred vigorously with EtOAc for 30 minutes to recover product. The process was repeated until no more product in EtOAc by TLC. The aqueous layer was extracted with EtOAc four times. The combined organic layers were washed with brine, dried over Na2SO4, filtered and concentrated under reduced pressure to afford crude product. It was purified by flash column chromatography (Petroleum ether/EtOAc = 40/1) to afford (R)-4 (4.3 g, 43% yield) as light yellow oil, together with 5a (4.5 g, 45% yield) as light yellow oil","| Reactants | Reactant amounts | Products | Product amounts | Solvents | Reaction temperature | Reaction time | Yield |
|-----------|-----------------|----------|-----------------|-----------|----------------------|----------------|-------|
| 20% sucrose, Baker’s yeast, CuO, HCOONH4, β-keto-ester 4 | 260 g in 1300 mL, 56 g, 4.12 g (51.49 mmol, 1 equiv.), 6.48 g (102.98 mmol, 2 equiv.), 10.00 g (51.49 mmol, 1 equiv.) | (R)-4, 5a | 4.3 g, 4.5 g | water | 30 °C | 21 h | 43%, 45% |"
chem-com_2020_6,"To a solution of (R)-4 (3.44 g, 17.73 mmol, 1.0 equiv.) and aryl boronic acid (3.87 g, 21.28 mmol, 1.2 equiv.) in 1,4-dioxane (60 mL) were added Pd(PPh3)4 (616 mg, 0.53 mmol, 0.03 equiv.) and HCOOH (0.417 mL), the mixture was stirred for 10 minutes at room temperature and for 2 h at 30 °C . The suspension was then filtered through Celite and the mixture was extracted with ethyl acetate (3 × 80 mL). The combined organic layers were washed with H2O (2 × 100 mL), brine (100 mL), dried over Na2SO4 and concentrated at reduced pressure to afford crude product. It was purified by flash chromatography (petroleum ether/EtOAc = 15/1) to afford 6 (4.7 g, 80% yield) as pale yellow oil. Rf = 0.3 (petroleum ether/EtOAc = 5/1); 100 % ee.","| Reactants | Reactant amounts | Products | Product amounts | Solvents | Reaction temperature | Reaction time | Yield |
|-----------|-----------------|----------|-----------------|-----------|----------------------|----------------|-------|
| (R)-4, aryl boronic acid, Pd(PPh3)4, HCOOH, 1,4-dioxane | 3.44 g (17.73 mmol, 1.0 equiv.), 3.87 g (21.28 mmol, 1.2 equiv.), 616 mg (0.53 mmol, 0.03 equiv.), 0.417 mL, 60 mL | 6 | 4.7 g | 1,4-dioxane | room temperature, 30 °C | 10 minutes, 2 h | 80% |"
chem-com_2020_7,"To a solution of methyltriphenylphosphonium bromide (25.21 g, 71.82 mmol, 6.0 equiv.) in THF (70 mL) at 0℃ was added anhydrous t-BuOK (7.64 g, 68.22 mmol , 5.7 equiv.) under Ar and stirred for 30 min at 0℃ and then for 1 h at room temperature. Then, the mixture was re-cooled to 0℃ and a solution of 6 (4.00 g, 11.97 mmol, 1.0 equiv.) in THF (40 mL) was added dropwise, the resulted mixture was stirred for another 3 h. The reaction was quenched by addition of cold H2O (100 mL), and the mixture was extracted with ethyl acetate (3 × 80 mL), washed sequentially with H2O (2 × 100 mL), brine (100 mL), dried over Na2SO4 and concentrated under reduced pressure to afford crude product. It was purified by flash chromatography (Petroleum ether/EtOAc = 30/1) to afford 7 (3.19 g, 81% yield) as colorless oil.","| Reactants | Reactant amounts | Products | Product amounts | Solvents | Reaction temperature | Reaction time | Yield |
|-----------|-----------------|----------|-----------------|-----------|----------------------|----------------|-------|
| methyltriphenylphosphonium bromide, anhydrous t-BuOK, 6, THF | 25.21 g (71.82 mmol, 6.0 equiv.), 7.64 g (68.22 mmol, 5.7 equiv.), 4.00 g (11.97 mmol, 1.0 equiv.), 70 mL, 40 mL | 7 | 3.19 g | THF | 0℃, room temperature | 30 min at 0℃, 1 h at room temperature, 3 h at 0℃ | 81% |"
chem-com_2020_8,"To a solution of SeO2 (2.69 g, 24.24 mmol, 5.0 equiv.) in DCM (50 mL) at 0℃ was added t-BuOOH (15.15 mL, 4 M in DCM, 60.60 mmol, 5.0 equiv.) and stirred for 30 min at 0℃, and a solution of 7 (4.00 g, 12.12 mmol, 1.0 equiv.) in DCM (35 mL) was added. After being warmed to room temperature, the mixture was stirred for 5 h. The reaction was quenched by addition of saturated aqueous Na2S2O3 (100 mL), and the mixture was extracted with DCM (3 × 80 mL). The combined organic layers were washed with brine (100 mL), dried over Na2SO4 and concentrated under reduced pressure to afford crude product. It was purified by flash chromatography (Petroleum ether/EtOAc = 3/1) to afford 8 (2.89 g, 69% yield) as colorless oil.","| Reactants | Reactant amounts | Products | Product amounts | Solvents | Reaction temperature | Reaction time | Yield |
|-----------|-----------------|----------|-----------------|-----------|----------------------|----------------|-------|
| SeO2, t-BuOOH, 7, DCM | 2.69 g (24.24 mmol, 5.0 equiv.), 15.15 mL (4 M in DCM, 60.60 mmol, 5.0 equiv.), 4.00 g (12.12 mmol, 1.0 equiv.), 85 mL | 8 | 2.89 g | DCM | 0℃, room temperature | 30 min, 5 h | 69% |"
chem-com_2020_9,"To a solution of 8 (3.40 g, 9.82 mmol, 1.0 equiv.) in DCM (45 mL) at 0℃ were added VO(acac)2 (779 mg, 2.94 mmol, 0.3 equiv.) and TBHP (7.36 mL, 4 M in hexane, 29.46 mmol, 3.0 equiv.) and stirred for 30 min at 0℃. After being warmed to room temperature, the mixture was stirred for 4 h. The reaction was quenched by addition of saturated aqueous Na2S2O3 (80 mL) and the mixture was extracted with DCM (3 × 60 mL). The combined organic layers were washed sequentially with saturated aqueous Na2CO3 (80 mL), brine (80 mL), dried over Na2SO4 and concentrated under reduced pressure to afford crude product. It was purified by flash chromatography (Petroleum ether/EtOAc = 3/1) to afford 9 (2.91 g, 82% yield) as colorless oil.","| Reactants | Reactant amounts | Products | Product amounts | Solvents | Reaction temperature | Reaction time | Yield |
|-----------|-----------------|----------|-----------------|-----------|----------------------|----------------|-------|
| 8, VO(acac)2, TBHP | 3.40 g (9.82 mmol, 1.0 equiv.), 779 mg (2.94 mmol, 0.3 equiv.), 7.36 mL (4 M in hexane, 29.46 mmol, 3.0 equiv.) | 9 | 2.91 g | DCM | 0℃, then room temperature | 30 min at 0℃, then 4 h at room temperature | 82% |"
chem-com_2020_10,"To a solution of 9 (2.10 g, 5.80 mmol, 1.0 equiv.) in DCM (45 mL) at 0℃ was added Dess-Martin reagent (4.91 g, 11.60 mmol, 2.0 equiv.) under Ar and stirred for 30 min at 0℃. After being warmed to room temperature, the mixture was stirred for 4 h. The reaction was quenched by addition of saturated aqueous Na2S2O3 (60 mL) and the mixture was extracted with DCM (3 × 50 mL). The combined organic layers were washed with brine (60 mL), and dried over Na2SO4 and concentrated under reduced pressure to afford crude product. It was purified by flash chromatography (Petroleum ether/EtOAc = 6/1) to afford 10 (1.77 g, 85% yield) as colorless oil.","| Reactants | Reactant amounts | Products | Product amounts | Solvents | Reaction temperature | Reaction time | Yield |
|-----------|-----------------|----------|-----------------|-----------|----------------------|----------------|-------|
| 9, Dess-Martin reagent, DCM, saturated aqueous Na2S2O3 | 2.10 g (5.80 mmol, 1.0 equiv.), 4.91 g (11.60 mmol, 2.0 equiv.), 45 mL, 60 mL | 10 | 1.77 g | DCM | 0℃, room temperature | 30 min, 4 h | 85% |"
chem-com_2020_11,"To a solution of 10 (2.60 g, 7.22 mmol, 1.0 equiv.) in DCM (27 mL) at 0℃ was added BF3·Et2O (1.78 mL, 14.44 mmol, 2.0 equiv.) under Ar, the mixture was stirred at 0℃ for 1 h. The reaction was quenched by addition of saturated aqueous NaHCO3 (60 mL), and the mixture was extracted with DCM (3 × 50 mL). The combined organic layers were washed with brine (60 mL), dried over Na2SO4 and concentrated under reduced pressure to afford crude product which was used in next step without further purification. Rf = 0.4 (Petroleum ether/EtOAc = 1/1); To a solution of the crude 11 in MeOH (27 mL) at 0℃ was added NaBH4 (301 mg, 7.94 mmol, 1.1 equiv.), the mixture was stirred at 0℃ for 10 min. To a solution were added NaOH (346 mg, 8.66 mmol, 1.2 equiv.), the mixture was stirred at 0℃ for 30 min. The reaction was quenched by addition of saturated aqueous NH4Cl (60 mL), and the mixture was extracted with ethyl acetate (3 × 50mL). The combined organic layers were washed with H2O (2 × 60 mL), brine (60 mL), dried over Na2SO4 and concentrated under reduced pressure to afford crude product. It was purified by flash chromatography (Petroleum ether/EtOAc = 3/2) to afford 12 (1.58 g, 61% yield) as colorless oil. Rf = 0.3 (Petroleum ether/EtOAc = 1/2); 99.96 % ee.","| Reactants | Reactant amounts | Products | Product amounts | Solvents | Reaction temperature | Reaction time | Yield |
|-----------|-----------------|----------|-----------------|-----------|----------------------|----------------|-------|
| 10, BF3·Et2O | 2.60 g (7.22 mmol, 1.0 equiv.), 1.78 mL (14.44 mmol, 2.0 equiv.) | Crude product (11) | N/A | DCM | 0℃ | 1 h | N/A |
| Crude 11, NaBH4, NaOH | N/A, 301 mg (7.94 mmol, 1.1 equiv.), 346 mg (8.66 mmol, 1.2 equiv.) | 12 | 1.58 g | MeOH, ethyl acetate | 0℃ | 40 min (10 min + 30 min) | 61% |"
chem-com_2020_12,"To a solution of 12 (272 mg, 0.860 mmol, 1.0 equiv.) in DCM (4 mL) at 0℃ were added pyridine (345 μL, 4.300 mmol, 5.0 equiv.) and Tf2O (289 μL, 1.720 mmol, 2.0 equiv.) under Ar, the mixture was stirred at 0℃ for 15min. The reaction was quenched by addition of H2O (20 mL) and the mixture was extracted with DCM (3 × 15 mL). The combined organic layers were washed with brine (20 mL), dried over Na2SO4 and concentrated under reduced pressure to afford crude product. It was purified by flash chromatography (Petroleum ether/EtOAc = 6/1) to afford 13 (327 mg, 85% yield) as white solid (mp: 129-131℃ ).","| Reactants | Reactant amounts | Products | Product amounts | Solvents | Reaction temperature | Reaction time | Yield |
|-----------|-----------------|----------|-----------------|-----------|----------------------|----------------|-------|
| 12, pyridine, Tf2O | 272 mg (0.860 mmol, 1.0 equiv.), 345 μL (4.300 mmol, 5.0 equiv.), 289 μL (1.720 mmol, 2.0 equiv.) | 13 | 327 mg | DCM | 0℃ | 15 min | 85% |"
chem-com_2020_13,"To a solution of 13 (327 mg, 0.729 mmol, 1.0 equiv.) in DMF (4 mL) at 0℃ were added 18-crown-6 (192 mg, 0.729 mmol, 1.0 equiv.) and NaNO2 (309 mg, 3.645 mmol, 5.0 equiv.). After being warmed to room temperature, the mixture was stirred for 5 h. The reaction was quenched by addition of H2O (20 mL) and the mixture was extracted with ethyl acetate (3 × 15 mL). The combined organic layers were washed with H2O (2 × 20 mL), brine (20 mL), dried over Na2SO4 and concentrated under reduced pressure to afford crude product. It was purified by flash chromatography (Petroleum ether/EtOAc = 3/2) to afford 14 (154 mg, 67% yield) as pale yellow oil.","| Reactants | Reactant amounts | Products | Product amounts | Solvents | Reaction temperature | Reaction time | Yield |
|-----------|-----------------|----------|-----------------|-----------|----------------------|----------------|-------|
| 13, 18-crown-6, NaNO2, DMF | 327 mg (0.729 mmol, 1.0 equiv.), 192 mg (0.729 mmol, 1.0 equiv.), 309 mg (3.645 mmol, 5.0 equiv.), 4 mL | 14 | 154 mg | DMF | 0℃ to room temperature | 5 h | 67% |"
chem-com_2020_14,"To a solution of 14 (154 mg, 0.487 mmol, 1.0 equiv.) in t-BuOH (2.5 mL) and THF (1 mL) at room temperature were added NMO (50% in H2O, 113 mg , 0.974 mmol, 2.0 equiv.) and OsO4 (2% in H2O, 607 μL, 0.048 mmol, 0.1 equiv.), the mixture was stirred at room temperature for 13 h. The reaction was quenched by addition of saturated aqueous Na2S2O3 (15 mL), and the mixture was extracted with ethyl acetate (3 × 10 mL). The combined organic layers were washed with brine (15 mL), dried over Na2SO4 and concentrated under reduced pressure to afford crude product which was used in next step without further purification. To a solution of the product made above in DCM (3.5 mL) at 0℃ was added Pb(OAc)4 (215 mg, 0.487 mmol, 1.0 equiv.) under Ar, the mixture was stirred at 0℃ for 10 min. The reaction was quenched by addition of H2O (15 mL) and the mixture was extracted with DCM (3 × 10 mL). The combined organic layers were washed with brine (15 mL), dried over Na2SO4 and concentrated under reduced pressure to afford crude product. It was purified by flash chromatography (Petroleum ether/EtOAc = 1/1) to afford 15 (127 mg, 75% yield) as colorless oil.","| Reactants | Reactant amounts | Products | Product amounts | Solvents | Reaction temperature | Reaction time | Yield |
|-----------|-----------------|----------|-----------------|-----------|----------------------|----------------|-------|
| 14, t-BuOH, THF, NMO (50% in H2O), OsO4 (2% in H2O) | 154 mg (0.487 mmol), 2.5 mL, 1 mL, 113 mg (0.974 mmol), 607 μL (0.048 mmol) | Crude product | N/A | t-BuOH, THF | room temperature | 13 h | N/A |
| Crude product, DCM, Pb(OAc)4 | N/A, 3.5 mL, 215 mg (0.487 mmol) | 15 | 127 mg | DCM | 0℃ | 10 min | 75% |"
chem-com_2020_15,"To a solution of 15 (124 mg, 0.356 mmol, 1.0 equiv.) and γ-lactam-hemiaminal B (180 mg, 1.780 mmol, 5.0 equiv.) in DCM (11 mL) was added p-TsOH (6 mg, 0.036 mmol, 0.1 equiv.), and the resultant mixture was stirred at 40℃ for 5 h. The reaction was quenched by addition of saturated aqueous NaHCO3 (10 mL), and the mixture was extracted with DCM (3 × 7 mL). The combined organic layers were washed with brine (10 mL), dried over Na2SO4 and concentrated under reduced pressure to afford crude product. It was purified by flash chromatogramphy (Petroleum ether/EtOAc = 1/2) to afford 16 (101 mg, 66% yield) as white solid (mp: 236-238℃).","| Reactants | Reactant amounts | Products | Product amounts | Solvents | Reaction temperature | Reaction time | Yield |
|-----------|-----------------|----------|-----------------|-----------|----------------------|----------------|-------|
| 15, γ-lactam-hemiaminal B, p-TsOH, DCM | 124 mg (0.356 mmol, 1.0 equiv.), 180 mg (1.780 mmol, 5.0 equiv.), 6 mg (0.036 mmol, 0.1 equiv.), 11 mL | 16 | 101 mg | DCM | 40℃ | 5 h | 66% |"
chem-com_2020_16,"To a solution of 16 (28 mg, 0.064 mmol, 1.0 equiv.) in DCM (2 mL) at 0℃ was added BBr3 (1M in DCM, 384 μL, 0.384 mmol) under Ar, the mixture was stirred at 0℃ for 5h. The reaction was quenched by addition of cold H2O (7 mL) and the mixture was extracted with ethyl acetate (3 × 5mL). The combined organic layers were washed with brine (7 mL), dried over Na2SO4 and concentrated under reduced pressure to afford crude product. It was purified by flash chromatography (MeOH/CHCl3 = 1/10) to afford (+)-sinensilactam A (13 mg, 52% yield) as pale yellow solid.","| Reactants | Reactant amounts | Products | Product amounts | Solvents | Reaction temperature | Reaction time | Yield |
|-----------|-----------------|----------|-----------------|-----------|----------------------|----------------|-------|
| 16, BBr3 | 28 mg (0.064 mmol, 1.0 equiv.), 384 μL (1M in DCM, 0.384 mmol) | (+)-sinensilactam A | 13 mg | DCM | 0℃ | 5h | 52% |"
chem-com_2020_17,"To a solution of 15 (30 mg, 0.086 mmol, 1.0 equiv.) in DCM (3 mL) at 0℃ was added BBr3 (1M in DCM, 430 μL, 0.430 mmol, 5.0 equiv.) under Ar, the mixture was stirred at 0℃ for 5h. The reaction was quenched by addition of cold H2O (7 mL) and the mixture was extracted with ethyl acetate (3 × 5mL). The combined organic layers were washed with brine (7 mL), dried over Na2SO4 and concentrated under reduced pressure to afford crude product. It was purified by flash chromatography (petroleum ether/EtOAc = 1/2) to afford lingzshilactone B (22 mg, 80% yield) as pale yellow solid.","| Reactants | Reactant amounts | Products | Product amounts | Solvents | Reaction temperature | Reaction time | Yield |
|-----------|-----------------|----------|-----------------|-----------|----------------------|----------------|-------|
| 15, BBr3 | 30 mg (0.086 mmol, 1.0 equiv.), 430 μL (1M in DCM, 0.430 mmol, 5.0 equiv.) | lingzshilactone B | 22 mg | DCM | 0℃ | 5h | 80% |"
chem-com_2020_18,"To a solution of lingzhilactone B (24 mg, 0.08 mmol, 1.0 equiv.) in EtOH (4 mL) at room temperature were added CH(OEt)3 (31.26 μL, 0.19 mmol, 2.5 equiv.) and p-Ts OH (1.3 mg , 0.008 mmol, 0.1 equiv.) under Ar, the mixture was stirred at 35℃ for 5 h. The reaction was quenched by addition of cold H2O (7 mL) and the mixture was extracted with ethyl acetate (3 × 5 mL). The combined organic layers were washed with brine (7 mL), dried over Na2SO4 and concentrated under reduced pressure to afford crude product. It was purified by flash chromatography (Petroleum ether/EtOAc = 1/2) to afford lingzhilactone C (26 mg, 91% yield) as yellow oil.","| Reactants | Reactant amounts | Products | Product amounts | Solvents | Reaction temperature | Reaction time | Yield |
|-----------|-----------------|----------|-----------------|-----------|----------------------|----------------|-------|
| lingzhilactone B, CH(OEt)3, p-Ts OH | 24 mg (0.08 mmol, 1.0 equiv.), 31.26 μL (0.19 mmol, 2.5 equiv.), 1.3 mg (0.008 mmol, 0.1 equiv.) | lingzhilactone C | 26 mg | EtOH | 35℃ | 5 h | 91% |"
chem-com_2020_19,"To a solution of 12 (120 mg, 0.379 mmol, 1.0 equiv.) in t-BuOH (2 mL) and THF (0.8 mL) at room temperature were added NMO (50% in H2O, 88 mg, 0.758 mmol, 2.0 equiv.) and OsO4 (2% in H2O, 460 μL, 0.037 mmol, 0.1 equiv.), the mixture was stirred at room temperature for 12 h. The reaction was quenched by addition of saturated aqueous Na2S2O3 (10 mL), and the mixture was extracted with ethyl acetate (3 × 7 mL). The combined organic layers were washed with brine (10 mL), and dried over Na2SO4 and concentrated under reduced pressure to afford crude product which was used in next step without further purification. To a solution of the product made above in DCM (2.4 mL) at 0℃ was added Pb(OAc)4 (167 mg, 0.379 mmol, 1.0 equiv.) under Ar, the mixture was stirred at 0℃ for 10 min. The reaction was quenched by addition of H2O (10 mL) and the mixture was extracted with DCM (3 × 7 mL). The combined organic layers were washed with brine (10 mL), and dried over Na2SO4 and concentrated under reduced pressure to afford crude product. It was purified by flash chromatography (Petroleum ether/EtOAc = 1/1) to afford 20 (102 mg, 78% yield) as white solid (mp: 60-62℃). Rf = 0.5 (petroleum ether/EtOAc = 1/2); 99.9% ee.","| Reactants | Reactant amounts | Products | Product amounts | Solvents | Reaction temperature | Reaction time | Yield |
|-----------|-----------------|----------|-----------------|-----------|----------------------|----------------|-------|
| 12, t-BuOH, THF, NMO (50% in H2O), OsO4 (2% in H2O) | 120 mg (0.379 mmol), 2 mL, 0.8 mL, 88 mg (0.758 mmol), 460 μL (0.037 mmol) | Crude product | N/A | t-BuOH, THF | room temperature | 12 h | N/A |
| Crude product, DCM, Pb(OAc)4 | N/A, 2.4 mL, 167 mg (0.379 mmol) | 20 | 102 mg | DCM | 0℃ | 10 min | 78% |

Note: The first row represents the initial reaction to form the crude product, and the second row represents the subsequent reaction to purify and obtain the final product 20. The crude product from the first reaction is used as a reactant in the second reaction. The yield is specified only for the final product 20."
chem-com_2020_20,"To a solution of 20 (60 mg, 0.172 mmol, 1.0 equiv.) and γ-lactam-hemiaminal (52 mg, 0.516 mmol, 3.0 equiv.) in DCM (1.5 mL) was added p- (6 mg, 0.034 mmol, 0.2 equiv.), and the resultant mixture was stirred at 28℃ for 9 h. The reaction was quenched by addition of saturated aqueous NaHCO3 (7 mL), and the mixture was extracted with DCM (3 × 5mL). The combined organic layers were washed with brine (7 mL), dried over Na2SO4 and concentrated under reduced pressure to afford crude product. It was purified by flash chromatography (Petroleum ether/EtOAc = 1/2) to afford 21 (51 mg, 69% yield) as white solid (mp: 220-222℃).","| Reactants | Reactant amounts | Products | Product amounts | Solvents | Reaction temperature | Reaction time | Yield |
|-----------|-----------------|----------|-----------------|-----------|----------------------|----------------|-------|
| 20, γ-lactam-hemiaminal, p- | 60 mg (0.172 mmol, 1.0 equiv.), 52 mg (0.516 mmol, 3.0 equiv.), 6 mg (0.034 mmol, 0.2 equiv.) | 21 | 51 mg | DCM | 28℃ | 9 h | 69% |"
chem-com_2020_21,"To a solution of 21 (32 mg, 0.074 mmol, 1.0 equiv.) in DCM (2.4 mL) at 0℃ was added BBr3 (1M in DCM, 444 μL, 0.444 mmol, 6.0 equiv.) under Ar, the mixture was stirred at 0℃ for 5h. The reaction was quenched by addition of cold H2O (7 mL) and the mixture was extracted with ethyl acetate (3 × 5 mL). The combined organic layers were washed with brine (7 mL), dried over Na2SO4 and concentrated under reduced pressure to afford crude product. It was purified by flash chromatography (MeOH/ CHCl3 = 1/10) to afford sinesilactam A isomer (16 mg, 53% yield) as pale yellow solid.","| Reactants | Reactant amounts | Products | Product amounts | Solvents | Reaction temperature | Reaction time | Yield |
|-----------|-----------------|----------|-----------------|-----------|----------------------|----------------|-------|
| 21, BBr3 | 32 mg (0.074 mmol, 1.0 equiv.), 444 μL (1M in DCM, 0.444 mmol, 6.0 equiv.) | sinesilactam A isomer | 16 mg | DCM | 0℃ | 5h | 53% |"
chem-com_2020_22,"To a solution of 20 (29 mg, 0.083 mmol, 1.0 equiv.) in DCM (3 mL) at 0℃ was added BBr3 (1M in DCM, 415 μL, 0.415 mmol, 5.0 equiv.) under Ar, the mixture was stirred at 0℃ for 5h. The reaction was quenched by addition of cold H2O (7 mL) and the mixture was extracted with ethyl acetate (3 × 5mL). The combined organic layers were washed with brine (7 mL), dried over Na2SO4 and concentrated under reduced pressure to afford crude product. It was purified by flash chromatography (Petroleum ether/EtOAc = 1/2) to afford (+)-epi-lingzhilactone B (21 mg, 81% yield) as pale yellow solid.","| Reactants | Reactant amounts | Products | Product amounts | Solvents | Reaction temperature | Reaction time | Yield |
|-----------|-----------------|----------|-----------------|-----------|----------------------|----------------|-------|
| 20, BBr3 | 29 mg (0.083 mmol, 1.0 equiv.), 415 μL (1M in DCM, 0.415 mmol, 5.0 equiv.) | (+)-epi-lingzhilactone B | 21 mg | DCM | 0℃ | 5h | 81% |"
chem-com_2020_23,"To a solution of 9 (1.00 g, 2.762 mmol, 1.0 equiv.) in DMF (10 mL) at 0℃ was added NaH (60%, 132 mg, 3.314 mmol, 1.2 equiv.) and BnBr (655 μL, 5.524 mmol, 2.0 equiv.) under Ar, the mixture was stirred at 0℃ for 1h. The reaction was quenched by addition of saturated aqueous NH4Cl (30 mL) and the mixture was extracted with ethyl acetate (3 × 20mL). The combined organic layers were washed with H2O (2 × 30 mL), and brine (30 mL), and dried over Na2SO4 and concentrated under reduced pressure to afford crude product. It was purified by flash chromatography (Petroleum ether/EtOAc = 6/1) to afford 17 (936 mg, 75% yield) as colorless oil. Rf = 0.4 (petroleum ether/EtOAc = 5/1); 99.4% ee.","| Reactants | Reactant amounts | Products | Product amounts | Solvents | Reaction temperature | Reaction time | Yield |
|-----------|-----------------|----------|-----------------|-----------|----------------------|----------------|-------|
| 9, NaH, BnBr | 1.00 g (2.762 mmol, 1.0 equiv.), 132 mg (3.314 mmol, 1.2 equiv.), 655 μL (5.524 mmol, 2.0 equiv.) | 17 | 936 mg | DMF | 0℃ | 1h | 75% |"
chem-com_2020_24,"To a solution of 17 (100 mg, 0.221 mmol, 1.0 equiv.) in anhydrous DCM (1 mL) at 0℃ was added TMSOTf (100 μL, 0.552 mmol, 2.5 equiv.) under Ar, the mixture was stirred at 0℃ for 1h. The reaction was quenched by addition of saturated aqueous NaHCO3 (10 mL), and the mixture was extracted with DCM (3 × 7 mL). The combined organic layers were washed with brine (10 mL), dried over Na2SO4 and concentrated under reduced pressure to afford crude product. It was purified by flash chromatography (Petroleum ether/EtOAc = 6/1) to afford 18 (45 mg, 51% yield) as colorless oil.","| Reactants | Reactant amounts | Products | Product amounts | Solvents | Reaction temperature | Reaction time | Yield |
|-----------|-----------------|----------|-----------------|-----------|----------------------|----------------|-------|
| 17, TMSOTf, DCM | 100 mg (0.221 mmol, 1.0 equiv.), 100 μL (0.552 mmol, 2.5 equiv.), 1 mL | 18 | 45 mg | DCM | 0℃ | 1h | 51% |"
chem-com_2020_25,"To a solution of 18 (71 mg, 0.174 mmol, 1.0 equiv.) in t-BuOH (1 mL) and THF (0.4 mL) at room temperature were added NMO (50% in H2O, 40 mg, 0.348 mmol, 2.0 equiv.) and OsO4 (2% in H2O, 212 μL, 0.017 mmol, 0.1 equiv.), the mixture was stirred at room temperature for 7 h. The reaction was quenched by addition of saturated aqueous Na2S2O3 (10 mL), and the mixture was extracted with ethyl acetate (3 × 7 mL). The combined organic layers were washed with brine (10 mL), dried over Na2SO4 and concentrated under reduced pressure. The crude was used in next step without further purification. To a solution of the crude in THF (1.2 mL) and H2O (0.6 mL) at room temperature was added NaIO4 (93 mg, 0.435 mmol, 2.5 equiv.), the mixture was stirred at room temperature for 3h. The reaction was quenched by addition of H2O (10 mL) and the mixture was extracted with ethyl acetate (3 × 7mL). The combined organic layers were washed with brine (10 mL), and dried over Na2SO4 and concentrated under reduced pressure to afford crude product. It was purified by flash chromatography (Petroleum ether/EtOAc = 3/2) to afford 19 (52 mg, 74% yield) as colorless oil. Rf = 0.4 (Petroleum ether/EtOAc = 1/1); 99.6% ee.","| Reactants | Reactant amounts | Products | Product amounts | Solvents | Reaction temperature | Reaction time | Yield |
|-----------|-----------------|----------|-----------------|-----------|----------------------|----------------|-------|
| 18, t-BuOH, THF, NMO (50% in H2O), OsO4 (2% in H2O) | 71 mg (0.174 mmol), 1 mL, 0.4 mL, 40 mg (0.348 mmol), 212 μL (0.017 mmol) | N/A | N/A | t-BuOH, THF | room temperature | 7 h | N/A |
| Crude product, THF, H2O, NaIO4 | N/A, 1.2 mL, 0.6 mL, 93 mg (0.435 mmol) | 19 | 52 mg | THF, H2O | room temperature | 3 h | 74% |"
chem-com_2020_26,"The mixture of 19 (52 mg, 0.127 mmol, 1.0 equiv.) and BBr3 (1M in DCM, 1.27 mL, 1.2 70 mmol, 10.0 equiv.) under Ar was stirred at 0℃ for 30 min, and then for 4 h at room temperature. The reaction was quenched by addition of saturated aqueous NaHCO3 (7 mL) and the mixture was extracted with DCM (3 × 5mL). The combined organic layers were washed with brine (7 mL), dried over Na2SO4 and concentrated under reduced pressure to afford crude product. It was purified by flash chromatography (Petroleum ether/EtOAc = 1/1) to afford (-)-lingzhiol (19 mg, 52% yield) as pale yellow solid.","| Reactants | Reactant amounts | Products | Product amounts | Solvents | Reaction temperature | Reaction time | Yield |
|-----------|-----------------|----------|-----------------|-----------|----------------------|----------------|-------|
| 19, BBr3 | 52 mg (0.127 mmol, 1.0 equiv.), 1.27 mL (1.270 mmol, 10.0 equiv.) | (-)-lingzhiol | 19 mg | DCM | 0℃, room temperature | 30 min, 4 h | 52% |"
jacs_2016_1,"To a mixture of 1,3‐diketons 2a (0.1 mmol), adipic acid (50 mol%) and KF (0.11 mmol) in a standard glass tube  were added the corresponding bromide 3a (0.11 mmol), followed by 0.7 mL dry  MeCN  via  syringe.  The  resultant  mixture  was  stirred  at  room  temperature  for  40h.  Solvent  was  removed  and  NMR  of  the  crude  mixture  indicated  a  trace  byproduct. 2a (8.5 mg) was recovered by column chromatograph. ","| Reactants | Reactant amounts | Products | Product amounts | Solvents | Reaction temperature | Reaction time | Yield |
|-----------|-----------------|----------|-----------------|-----------|----------------------|----------------|-------|
| 1,3-diketons (2a), adipic acid, KF, bromide (3a), MeCN | 0.1 mmol, 50 mol%, 0.11 mmol, 0.11 mmol, 0.7 mL | N/A | N/A | MeCN | room temperature | 40 h | N/A |"
jacs_2016_2,"To a mixture of the product rac‐4a or (S)‐4a (0.1 mmol), chiral amine 1a (20 mol%), adipic acid (50  mol%) and KF (0.11 mmol) in a standard glass tube were added the  corresponding bromide 3a (0.11 mmol), followed by 0.7 mL dry MeCN via  syringe. The resultant mixture was stirred at room temperature for 18‐38 h.  Solvent was removed and purification by silica gel column to recover 4a (>90%  yield).","| Reactants | Reactant amounts | Products | Product amounts | Solvents | Reaction temperature | Reaction time | Yield |
|-----------|-----------------|----------|-----------------|-----------|----------------------|----------------|-------|
| rac‐4a or (S)‐4a, chiral amine 1a, adipic acid, KF, bromide 3a, MeCN | 0.1 mmol, 20 mol%, 50 mol%, 0.11 mmol, 0.11 mmol, 0.7 mL | 4a | N/A | MeCN | room temperature | 18-38 h | >90% |"
jacs_2016_3,"To β‐diketone 2a (1 mmol), chiral  primary amine 1b (1 mmol) in CH2Cl2 (0.5 mL), was added m‐nitrobenzoic acid  (0.2 equiv). The reaction was stirred at room temperature for 5h and directly  purified by basic alumina column with 20% Et2O/petroleum ether to give the  enamine 7 as colorless oil.","| Reactants | Reactant amounts | Products | Product amounts | Solvents | Reaction temperature | Reaction time | Yield |
|-----------|-----------------|----------|-----------------|-----------|----------------------|----------------|-------|
| β-diketone (2a), chiral primary amine (1b), m-nitrobenzoic acid | 1 mmol, 1 mmol, 0.2 equiv | enamine 7 | N/A | CH2Cl2 | room temperature | 5 h | N/A |"
science_1,"To a solution of 4-acetylbenzoic acid (30 mmol, 4.92 g) in DCM (100 mL) was added N, N Diisopropylethylamine (66 mmol, 2.2 equiv, 11.5 mL) and HBTU (33 mmol, 1.1 equiv, 12.51 g) at 0oC. The reaction mixture was allowed to stir for 30 min followed by dropwise addition of amine (30 mmol, 1 equiv) at 0oC. After stirring at room temperature overnight, the organic phase was washed with 0.1M HCl (50 mL), H2O (50 mL), and sat. aq. NaHCO3 (50 mL). The organic layer was dried over anhydrous Na2SO4 and concentrated in vacuo. The crude product was purified by flash chromatography (silica gel, 5:1 to 2:1 petroleum ether/EtOAc) to afford 4-acetylbenzamide S1ab or S1ae.","| Reactants | Reactant amounts | Products | Product amounts | Solvents | Reaction temperature | Reaction time | Yield |
|-----------|-----------------|----------|-----------------|-----------|----------------------|----------------|-------|
| 4-acetylbenzoic acid, N, N Diisopropylethylamine, HBTU, amine, DCM | 4.92 g (30 mmol), 11.5 mL (66 mmol, 2.2 equiv), 12.51 g (33 mmol, 1.1 equiv), 30 mmol (1 equiv), 100 mL | 4-acetylbenzamide S1ab or S1ae | N/A | DCM | 0°C, room temperature | 30 min, overnight | N/A |"
science_2,"To a solution of 4-acetylbenzoic acid (30 mmol, 4.92 g) and alcohol (30mmol, 1 equiv) in DCM (100 mL) was added EDCI (36 mmol, 1.2 equiv, 6.9 g) and DMAP (3 mmol, 0.1 equiv, 0.37 g) at 0oC. After addition, the mixture was stirred at room temperature until TLC indicating completion. The reaction was quenched with H2O and extracted with DCM (2 × 50 mL). The combined organic layers were dried over anhydrous Na2SO4 and concentrated in vacuo. The crude product was purified by flash chromatography (silica gel, 5:1 petroleum ether/EtOAc) to afford 4 acetylbenzoate S1ac or S1ad.","| Reactants | Reactant amounts | Products | Product amounts | Solvents | Reaction temperature | Reaction time | Yield |
|-----------|-----------------|----------|-----------------|-----------|----------------------|----------------|-------|
| 4-acetylbenzoic acid, alcohol, EDCI, DMAP, DCM | 4.92 g (30 mmol), 30 mmol (1 equiv), 6.9 g (36 mmol, 1.2 equiv), 0.37 g (3 mmol, 0.1 equiv), 100 mL | 4-acetylbenzoate S1ac or S1ad | N/A | DCM | 0°C to room temperature | Until TLC indicating completion | N/A |"
science_3,"To an oven-dried 10 mL Schlenk tube equipped with a magnetic stir bar was added aminocatalyst (S)-1a/HNTf2 (9.1 mg, 10 mol %), Ir(ppy)3 (0.65 mg, 0.5 mol %) and benzoic acid (0.73 mg, 3 mol %). Freshly prepared α-branched aldehyde 2a (26.8 mg, 0.2 mmol) dissolved in 0.3 mL MeCN was then added into the tube under Ar atmosphere. The mixture was degassed for 3 times using standard freeze-thaw method and stirred at 0oC under irradiation of 20W 400nm LED for 1h. After the completion of deracemization, the solution was purified by flash column chromatography on a 4~5 cm thick silica gel with 20:1 hexane/EtOAc to give (R)-2a (19.6 mg, 73%). The ee value of the isolated aldehyde was determined by HPLC analysis as 94%. Detailed purification method was discussed below.","| Reactants | Reactant amounts | Products | Product amounts | Solvents | Reaction temperature | Reaction time | Yield |
|-----------|-----------------|----------|-----------------|-----------|----------------------|----------------|-------|
| (S)-1a/HNTf2, Ir(ppy)3, benzoic acid, α-branched aldehyde 2a, MeCN | 9.1 mg (10 mol%), 0.65 mg (0.5 mol%), 0.73 mg (3 mol%), 26.8 mg (0.2 mmol), 0.3 mL | (R)-2a | 19.6 mg | MeCN | 0°C | 1h | 73% |"
science_4,"To an oven-dried 50 mL Schlenk flask equipped with a magnetic stir bar was added aminocatalyst (S)-1a/HNTf2 (227.5 mg, 10 mol %), Ir(ppy)3 (16 mg, 0.5 mol %) and benzoic acid (18.25 mg, 3 mol %). Freshly prepared α-branched aldehyde 2a (670 mg, 5 mmol) dissolved in 7.5 mL MeCN was then added into the flask under Ar atmosphere. The mixture was degassed for 3 times using standard freeze-thaw method and stirred at 0oC under irradiation of 50W 400nm LED for 1h. After the completion of deracemization, the solution was purified by flash column chromatography on a 3.5 cm thick silica gel with 20:1 hexane/EtOAc to give (R)-2a as colorless liquid (536 mg, 80%). The ee value of the isolated aldehydes was determined by HPLC analysis as 91%. Detailed purification method was discussed below.","| Reactants | Reactant amounts | Products | Product amounts | Solvents | Reaction temperature | Reaction time | Yield |
|-----------|-----------------|----------|-----------------|-----------|----------------------|----------------|-------|
| (S)-1a/HNTf2, Ir(ppy)3, benzoic acid, α-branched aldehyde 2a, MeCN | 227.5 mg (10 mol%), 16 mg (0.5 mol%), 18.25 mg (3 mol%), 670 mg (5 mmol), 7.5 mL | (R)-2a | 536 mg | MeCN | 0°C | 1h | 80% |"
science_5,"To an oven-dried 10 mL flask equipped with a magnetic stir bar was added (R)-2p (113mg, 0.5 mmol) and 0.5 mL MeOH. NaBH4 (10 equiv, 190 mg) was then added into the mixture at 0oC. After stirring for 1h, the reaction was quenched with saturated aq NH4Cl, and the mixture was extracted with DCM (5 mL × 3). The organic layers were combined and dried over Na2SO4, concentrated. The crude product was purified by flash chromatography (silica gel, 5:1 petroleum ether/EtOAc) to afford (R)-3p as colorless liquid.","| Reactants | Reactant amounts | Products | Product amounts | Solvents | Reaction temperature | Reaction time | Yield |
|-----------|-----------------|----------|-----------------|-----------|----------------------|----------------|-------|
| (R)-2p, MeOH, NaBH4 | 113 mg (0.5 mmol), 0.5 mL, 190 mg (10 equiv) | (R)-3p | N/A | MeOH | 0°C | 1h | N/A |"
science_6,"To an oven-dried 10 mL flask equipped with a magnetic stir bar was added (R)-2p (113 mg, 0.5 mmol), benzoyl hydrazine (1.5 equiv, 102 mg) and 2 mL MeOH. After stirring at room temperature for 6 h, the mixture was concentrated and purified by flash chromatography (silica gel, 1:1 petroleum ether/EtOAc) to afford (R)-4p as colorless liquid.","| Reactants | Reactant amounts | Products | Product amounts | Solvents | Reaction temperature | Reaction time | Yield |
|-----------|-----------------|----------|-----------------|-----------|----------------------|----------------|-------|
| (R)-2p, benzoyl hydrazine, MeOH | 113 mg (0.5 mmol), 102 mg (1.5 equiv), 2 mL | (R)-4p | N/A | MeOH | room temperature | 6 h | N/A |"
